code_system,code,display,classification,review_reason
SNOMED,38341003,"Hypertensive disorder, systemic arterial (disorder)",,
SNOMED,55822004,Hyperlipidemia (disorder),,
SNOMED,35489007,Depressive disorder (disorder),,
SNOMED,235595009,Gastroesophageal reflux disease (disorder),,
SNOMED,268565007,Adult health examination (procedure),,
SNOMED,44054006,Diabetes mellitus type 2 (disorder),,
SNOMED,59621000,Essential hypertension (disorder),,
SNOMED,414916001,Obesity (disorder),,
SNOMED,73211009,Diabetes mellitus (disorder),,
SNOMED,195967001,Asthma (disorder),,
SNOMED,53741008,Coronary arteriosclerosis (disorder),,
SNOMED,61582004,Allergic rhinitis (disorder),,
SNOMED,40930008,Hypothyroidism (disorder),,
SNOMED,410620009,Well child visit (procedure),,
SNOMED,54150009,Upper respiratory infection (disorder),,
SNOMED,13644009,Hypercholesterolemia (disorder),,
SNOMED,161891005,Backache (finding),,
SNOMED,21522001,Abdominal pain (finding),,
SNOMED,396275006,Osteoarthritis (disorder),,
SNOMED,279039007,Low back pain (finding),,
SNOMED,271737000,Anemia (disorder),,
SNOMED,48694002,Anxiety (finding),,
SNOMED,68566005,Urinary tract infectious disease (disorder),,
SNOMED,13645005,Chronic obstructive pulmonary disease (disorder),,
SNOMED,49436004,Atrial fibrillation (disorder),,
SNOMED,233604007,Pneumonia (disorder),,
SNOMED,29857009,Chest pain (finding),,
SNOMED,42343007,Congestive heart failure (disorder),,
SNOMED,25064002,Headache (finding),,
SNOMED,37796009,Migraine (disorder),,
SNOMED,77386006,Pregnancy (finding),,
SNOMED,1003721002,Pain of joint of knee (finding),,
SNOMED,1003722009,Pain of knee region (finding),,
SNOMED,64859006,Osteoporosis (disorder),,
SNOMED,68496003,Polyp of colon (disorder),,
SNOMED,65363002,Otitis media (disorder),,
SNOMED,36971009,Sinusitis (disorder),,
SNOMED,49727002,Cough (finding),,
SNOMED,73430006,Sleep apnea (disorder),,
SNOMED,254837009,Malignant neoplasm of breast (disorder),,
SNOMED,193462001,Insomnia (disorder),,
SNOMED,90560007,Gout (disorder),,
SNOMED,89765005,Tobacco dependence syndrome (disorder),,
SNOMED,399068003,Malignant neoplasm of prostate (disorder),,
SNOMED,14760008,Constipation (finding),,
SNOMED,15188001,Hearing loss (disorder),,
SNOMED,10509002,Acute bronchitis (disorder),,
SNOMED,95570007,Kidney stone (disorder),,
SNOMED,84229001,Fatigue (finding),,
SNOMED,78275009,Obstructive sleep apnea syndrome (disorder),,
SNOMED,48782003,Delivery normal (finding),,
SNOMED,860914002,Erectile dysfunction (disorder),,
SNOMED,10743008,Irritable bowel syndrome (disorder),,
SNOMED,33879002,Administration of vaccine to produce active immunity (procedure),,
SNOMED,83607001,Gynecologic examination (procedure),,
SNOMED,110483000,Tobacco user (finding),,
SNOMED,81680005,Neck pain (finding),,
SNOMED,230690007,Cerebrovascular accident (disorder),,
SNOMED,13791008,Asthenia (finding),,
SNOMED,45326000,Pain of shoulder region (finding),,
SNOMED,11381005,Acne (disorder),,
SNOMED,266569009,Benign prostatic hyperplasia (disorder),,
SNOMED,267036007,Dyspnea (finding),,
SNOMED,57406009,Carpal tunnel syndrome (disorder),,
SNOMED,32398004,Bronchitis (disorder),,
SNOMED,182764009,Anticoagulant therapy (procedure),,
SNOMED,398050005,Diverticular disease of colon (disorder),,
SNOMED,405737000,Pharyngitis (disorder),,
SNOMED,3723001,Arthritis (disorder),,
SNOMED,62315008,Diarrhea (finding),,
SNOMED,404640003,Dizziness (finding),,
SNOMED,15167005,Harmful pattern of use of alcohol (disorder),,
SNOMED,370992007,Dyslipidemia (disorder),,
SNOMED,52448006,Dementia (disorder),,
SNOMED,43116000,Eczema (disorder),,
SNOMED,254902007,Benign prostatic hyperplasia without outflow obstruction (disorder),,
SNOMED,271594007,Syncope (finding),,
SNOMED,15805002,Acute sinusitis (disorder),,
SNOMED,87522002,Iron deficiency anemia (disorder),,
SNOMED,21719001,Allergic rhinitis caused by pollen (disorder),,
SNOMED,236886002,Hysterectomy (procedure),,
SNOMED,4556007,Gastritis (disorder),,
SNOMED,193570009,Cataract (disorder),,
SNOMED,90688005,Chronic renal failure syndrome (disorder),,
SNOMED,53298000,Hematuria syndrome (disorder),,
SNOMED,42658009,Disorder of the peripheral nervous system (disorder),,
SNOMED,86569001,Postpartum state (finding),,
SNOMED,50711007,Viral hepatitis type C (disorder),,
SNOMED,80313002,Palpitations (finding),,
SNOMED,271807003,Eruption of skin (disorder),,
SNOMED,268376005,Mantoux: positive (finding),,
SNOMED,103742009,Renewal of prescription (procedure),,
SNOMED,38102005,Cholecystectomy (procedure),,
SNOMED,46635009,Diabetes mellitus type 1 (disorder),,
SNOMED,42399005,Renal failure syndrome (disorder),,
SNOMED,80146002,Excision of appendix (procedure),,
SNOMED,134435003,Routine antenatal care (regime/therapy),,
SNOMED,400047006,Peripheral vascular disease (disorder),,
SNOMED,80394007,Hyperglycemia (disorder),,
SNOMED,78318003,"History and physical examination, annual for health maintenance (procedure)",,
SNOMED,128613002,Seizure disorder (disorder),,
SNOMED,70153002,Hemorrhoids (disorder),,
SNOMED,386661006,Fever (finding),,
SNOMED,57891003,Term infant (finding),,
SNOMED,239873007,Osteoarthritis of knee (disorder),,
SNOMED,201101007,Actinic keratosis (disorder),,
SNOMED,165232002,Urinary incontinence (finding),,
SNOMED,91175000,Seizure (finding),,
SNOMED,312608009,Laceration - injury (disorder),,
SNOMED,23986001,Glaucoma (disorder),,
SNOMED,162864005,Body mass index 30+ - obesity (finding),,
SNOMED,89164003,Breast lump (finding),,
SNOMED,34014006,Viral disease (disorder),,
SNOMED,309081009,Abnormal cervical smear (finding),,
SNOMED,128045006,Cellulitis (disorder),,
SNOMED,86198006,Administration of vaccine product containing only Influenza virus antigen (procedure),,
SNOMED,69896004,Rheumatoid arthritis (disorder),,
SNOMED,398838000,Senile hyperkeratosis (disorder),,
SNOMED,10601006,Pain in lower limb (finding),,
SNOMED,197480006,Anxiety disorder (disorder),,
SNOMED,399153001,Vertigo (finding),,
SNOMED,278860009,Chronic low back pain (finding),,
SNOMED,709044004,Chronic kidney disease (disorder),,
SNOMED,40739000,Dysphagia (disorder),,
SNOMED,217154006,"Fall on same level from slipping, tripping or stumbling (event)",,
SNOMED,312894000,Osteopenia (disorder),,
SNOMED,267038008,Edema (finding),,
SNOMED,24693007,Fibromyositis (disorder),,
SNOMED,363406005,Malignant neoplasm of colon (disorder),,
SNOMED,49218002,Pain of hip region (finding),,
SNOMED,47505003,Post-traumatic stress disorder (disorder),,
SNOMED,703938007,Inflammatory dermatosis (disorder),,
SNOMED,9014002,Psoriasis (disorder),,
SNOMED,57190000,Myopia (disorder),,
SNOMED,1201005,Benign essential hypertension (disorder),,
SNOMED,442311008,Liveborn born in hospital (situation),,
SNOMED,723620004,Requires vaccination (finding),,
SNOMED,214031005,Motor vehicle traffic accident (event),,
SNOMED,102589003,Atypical chest pain (finding),,
SNOMED,39450006,Senile cataract (disorder),,
SNOMED,88610006,Heart murmur (finding),,
SNOMED,166603001,Liver function tests outside reference range (finding),,
SNOMED,194828000,Angina (disorder),,
SNOMED,390951007,Impaired fasting glycemia (disorder),,
SNOMED,413838009,Chronic ischemic heart disease (disorder),,
SNOMED,40055000,Chronic sinusitis (disorder),,
SNOMED,289903006,Menopause present (finding),,
SNOMED,27355003,Toothache (finding),,
SNOMED,254701007,Basal cell carcinoma of skin (disorder),,
SNOMED,9826008,Conjunctivitis (disorder),,
SNOMED,20135006,Screening procedure (procedure),,
SNOMED,396152005,Prostate specific antigen above reference range (finding),,
SNOMED,9414007,Impaired glucose tolerance (disorder),,
SNOMED,77176002,Smoker (finding),,
SNOMED,4740000,Herpes zoster (disorder),,
SNOMED,202882003,Plantar fasciitis (disorder),,
SNOMED,302870006,Hypertriglyceridemia (disorder),,
SNOMED,80182007,Irregular periods (finding),,
SNOMED,60700002,Sensorineural hearing loss (disorder),,
SNOMED,12063002,Rectal hemorrhage (disorder),,
SNOMED,161615003,History of surgery (situation),,
SNOMED,13200003,Peptic ulcer (disorder),,
SNOMED,270352002,Medical examinations/reports (procedure),,
SNOMED,60862001,Tinnitus (finding),,
SNOMED,95315005,Uterine leiomyoma (disorder),,
SNOMED,13746004,Bipolar disorder (disorder),,
SNOMED,34713006,Vitamin D deficiency (disorder),,
SNOMED,266257000,Transient ischemic attack (disorder),,
SNOMED,43878008,Streptococcal sore throat (disorder),,
SNOMED,414941008,Onychomycosis (disorder),,
SNOMED,128053003,Deep venous thrombosis (disorder),,
SNOMED,41256004,Presbyopia (disorder),,
SNOMED,110466009,Pre-surgery evaluation (procedure),,
SNOMED,103735009,Palliative care (regime/therapy),,
SNOMED,387712008,Neonatal jaundice (finding),,
SNOMED,419760006,Bacterial vaginosis (disorder),,
SNOMED,267102003,Sore throat (finding),,
SNOMED,18070006,Impacted cerumen (disorder),,
SNOMED,47933007,Foot pain (finding),,
SNOMED,23056005,Sciatica (disorder),,
SNOMED,271809000,Peripheral edema (disorder),,
SNOMED,422400008,Vomiting (disorder),,
SNOMED,428283002,History of polyp of colon (situation),,
SNOMED,236646007,Benign prostatic hyperplasia with outflow obstruction (disorder),,
SNOMED,266474003,Calculus in biliary tract (disorder),,
SNOMED,79922009,Epigastric pain (finding),,
SNOMED,195239002,Late effects of cerebrovascular disease (disorder),,
SNOMED,25374005,Inflammation of stomach and intestine (disorder),,
SNOMED,59282003,Pulmonary embolism (disorder),,
SNOMED,396232000,Inguinal hernia (disorder),,
SNOMED,57019003,Verruca vulgaris (disorder),,
SNOMED,262285001,Weight decreased (finding),,
SNOMED,91302008,Sepsis (disorder),,
SNOMED,127013003,Disorder of kidney due to diabetes mellitus (disorder),,
SNOMED,399261000,History of coronary artery bypass grafting (situation),,
SNOMED,275978004,Screening for malignant neoplasm of colon (procedure),,
SNOMED,16932000,Nausea and vomiting (disorder),,
SNOMED,34486009,Hyperthyroidism (disorder),,
SNOMED,128477000,Abscess (disorder),,
SNOMED,80967001,Dental caries (disorder),,
SNOMED,74474003,Gastrointestinal hemorrhage (disorder),,
SNOMED,398909004,Rosacea (disorder),,
SNOMED,49049000,Parkinson's disease (disorder),,
SNOMED,443694000,Uncontrolled type 2 diabetes mellitus (disorder),,
SNOMED,414033006,Disorder of rotator cuff (disorder),,
SNOMED,386692008,Menorrhagia (finding),,
SNOMED,363358000,Malignant neoplasm of lung (disorder),,
SNOMED,57676002,Pain of joint (finding),,
SNOMED,238136002,Morbid obesity (disorder),,
SNOMED,371088008,Reactive airways dysfunction syndrome (disorder),,
SNOMED,82991003,Generalized aches and pains (finding),,
SNOMED,84089009,Hiatal hernia (disorder),,
SNOMED,267954009,Pain of joint of ankle and/or foot (finding),,
SNOMED,32914008,Restless legs syndrome (disorder),,
SNOMED,302215000,Thrombocytopenic disorder (disorder),,
SNOMED,1755008,Old myocardial infarction (disorder),,
SNOMED,386033004,Neuropathy (disorder),,
SNOMED,85898001,Cardiomyopathy (disorder),,
SNOMED,926335004,Rupture of rotator cuff of shoulder (disorder),,
SNOMED,281900007,No abnormality detected (finding),,
SNOMED,24079001,Atopic dermatitis (disorder),,
SNOMED,281239006,Exacerbation of asthma (disorder),,
SNOMED,30473006,Pain in pelvis (finding),,
SNOMED,40275004,Contact dermatitis (disorder),,
SNOMED,162031009,Indigestion (finding),,
SNOMED,56294008,Nicotine dependence (disorder),,
SNOMED,254838004,Carcinoma of breast (disorder),,
SNOMED,44465007,Sprain of ankle (disorder),,
SNOMED,173422009,Tonsillectomy (procedure),,
SNOMED,422338006,Degenerative disorder of macula (disorder),,
SNOMED,427359005,Solitary nodule of lung (finding),,
SNOMED,66590003,Alcohol dependence (disorder),,
SNOMED,43339004,Hypokalemia (disorder),,
SNOMED,28913000,Tonsillectomy and adenoidectomy (procedure),,
SNOMED,48724000,Mitral valve regurgitation (disorder),,
SNOMED,1306692000,Harmful pattern of substance use (disorder),,
SNOMED,185317003,Telephone encounter (procedure),,
SNOMED,398780007,Contraception education (procedure),,
SNOMED,89627008,Hyponatremia (finding),,
SNOMED,4.4991E+13,Abnormal uterine bleeding (disorder),,
SNOMED,233985008,Abdominal aortic aneurysm (disorder),,
SNOMED,95324001,Skin lesion (disorder),,
SNOMED,410083007,Rehabilitation therapy management (procedure),,
SNOMED,79883001,Cyst of ovary (disorder),,
SNOMED,3135009,Otitis externa (disorder),,
SNOMED,162116003,Increased frequency of urination (finding),,
SNOMED,298382003,Scoliosis deformity of spine (disorder),,
SNOMED,8517006,Ex-smoker (finding),,
SNOMED,90458007,Internal hemorrhoids (disorder),,
SNOMED,54048003,Threatened abortion (disorder),,
SNOMED,237495005,Thyroid nodule (disorder),,
SNOMED,50563003,Seborrheic dermatitis (disorder),,
SNOMED,76107001,Spinal stenosis (disorder),,
SNOMED,266599000,Dysmenorrhea (disorder),,
SNOMED,168750009,Mammography abnormal (finding),,
SNOMED,3110003,Acute otitis media (disorder),,
SNOMED,26929004,Alzheimer's disease (disorder),,
SNOMED,230572002,Neuropathy due to diabetes mellitus (disorder),,
SNOMED,363746003,Acute pharyngitis (disorder),,
SNOMED,77547008,Degeneration of intervertebral disc (disorder),,
SNOMED,35253001,"Attention deficit hyperactivity disorder, predominantly inattentive type (disorder)",,
SNOMED,83074005,Unplanned pregnancy (finding),,
SNOMED,473021009,Secondary erectile dysfunction (disorder),,
SNOMED,18347007,Spinal stenosis of lumbar region (disorder),,
SNOMED,55566008,Accidental physical contact (event),,
SNOMED,29738008,Proteinuria (finding),,
SNOMED,384634009,Postnatal maternal examination (procedure),,
SNOMED,126485001,Urticaria (disorder),,
SNOMED,33839006,Genital herpes simplex (disorder),,
SNOMED,422587007,Nausea (finding),,
SNOMED,86094006,Chronic rhinitis (disorder),,
SNOMED,24700007,Multiple sclerosis (disorder),,
SNOMED,433144002,Chronic kidney disease stage 3 (disorder),,
SNOMED,371631005,Panic disorder (disorder),,
SNOMED,26079004,Tremor (finding),,
SNOMED,406506008,Attention deficit hyperactivity disorder (disorder),,
SNOMED,185903001,Needs influenza immunization (finding),,
SNOMED,190634004,Cobalamin deficiency (disorder),,
SNOMED,238040008,Familial combined hyperlipidemia (disorder),,
SNOMED,21897009,Generalized anxiety disorder (disorder),,
SNOMED,48167000,Amnesia (finding),,
SNOMED,73761001,Colonoscopy (procedure),,
SNOMED,301354004,Pain of ear (finding),,
SNOMED,302764009,Rubella non-immune (finding),,
SNOMED,267064002,Retention of urine (disorder),,
SNOMED,118601006,Non-Hodgkin's lymphoma (disorder),,
SNOMED,7200002,Alcoholism (disorder),,
SNOMED,49650001,Dysuria (finding),,
SNOMED,77543007,Ligation of fallopian tube (procedure),,
SNOMED,282825002,Paroxysmal atrial fibrillation (disorder),,
SNOMED,52052004,Rehabilitation therapy (regime/therapy),,
SNOMED,20696009,Peripheral venous insufficiency (disorder),,
SNOMED,390834004,Nonproliferative retinopathy due to diabetes mellitus (disorder),,
SNOMED,267949000,Pain of glenohumeral joint (finding),,
SNOMED,18818009,Moderate recurrent major depression (disorder),,
SNOMED,307496006,Diverticulitis (disorder),,
SNOMED,14140009,Hyperkalemia (disorder),,
SNOMED,268621008,Recurrent major depressive episodes (disorder),,
SNOMED,243787009,Antenatal screening (procedure),,
SNOMED,109989006,Multiple myeloma (disorder),,
SNOMED,68905002,Regular astigmatism (disorder),,
SNOMED,94381002,Metastatic malignant neoplasm to liver (disorder),,
SNOMED,64766004,Ulcerative colitis (disorder),,
SNOMED,30800001,Vaginitis (disorder),,
SNOMED,14669001,Acute kidney injury (disorder),,
SNOMED,72892002,Normal pregnancy (finding),,
SNOMED,414396006,Hernia of anterior abdominal wall (disorder),,
SNOMED,14302001,Amenorrhea (finding),,
SNOMED,34840004,Tendinitis (disorder),,
SNOMED,70076002,Rhinitis (disorder),,
SNOMED,231504006,Mixed anxiety and depressive disorder (disorder),,
SNOMED,62914000,Cerebrovascular disease (disorder),,
SNOMED,102556003,Pain in upper limb (finding),,
SNOMED,249366005,Bleeding from nose (finding),,
SNOMED,34000006,Crohn's disease (disorder),,
SNOMED,193589009,Nuclear senile cataract (disorder),,
SNOMED,68962001,Muscle pain (finding),,
SNOMED,408968008,Contraception care education (procedure),,
SNOMED,419893006,Epidermoid cyst (disorder),,
SNOMED,386806002,Impaired cognition (finding),,
SNOMED,195951007,Acute exacerbation of chronic obstructive pulmonary disease (disorder),,
SNOMED,182770003,Pre-anesthetic assessment (procedure),,
SNOMED,69494008,Eustachian tube disorder (disorder),,
SNOMED,400096001,Melanocytic nevus (disorder),,
SNOMED,22253000,Pain (finding),,
SNOMED,302914006,Barrett's esophagus (disorder),,
SNOMED,271939006,Vaginal discharge (finding),,
SNOMED,281031002,Well woman health examination (procedure),,
SNOMED,372244006,Malignant melanoma (disorder),,
SNOMED,13600006,Folliculitis (disorder),,
SNOMED,160303001,Family history of diabetes mellitus (situation),,
SNOMED,409712001,Mitral valve prolapse (disorder),,
SNOMED,128302006,Chronic hepatitis C (disorder),,
SNOMED,19943007,Cirrhosis of liver (disorder),,
SNOMED,767357000,Sampling of cervix for Papanicolaou smear done (situation),,
SNOMED,38101003,Hypermetropia (disorder),,
SNOMED,88594005,Herpes simplex (disorder),,
SNOMED,129103003,Endometriosis (disorder),,
SNOMED,230691006,Cerebrovascular accident due to occlusion of cerebral artery (disorder),,
SNOMED,11687002,Gestational diabetes mellitus (disorder),,
SNOMED,82271004,Injury of head (disorder),,
SNOMED,34095006,Dehydration (disorder),,
SNOMED,125605004,Fracture of bone (disorder),,
SNOMED,238131007,Overweight (finding),,
SNOMED,236021006,Right inguinal hernia (disorder),,
SNOMED,17226007,Adjustment disorder (disorder),,
SNOMED,6020002,Tinea pedis (disorder),,
SNOMED,60573004,Aortic valve stenosis (disorder),,
SNOMED,66071002,Viral hepatitis type B (disorder),,
SNOMED,396347007,Umbilical hernia (disorder),,
SNOMED,400097005,Ingrowing nail (disorder),,
SNOMED,76742009,Postmenopausal bleeding (finding),,
SNOMED,185389009,Follow-up visit (procedure),,
SNOMED,3716002,Goiter (disorder),,
SNOMED,94222008,Metastatic malignant neoplasm to bone (disorder),,
SNOMED,87433001,Pulmonary emphysema (disorder),,
SNOMED,236022004,Left inguinal hernia (disorder),,
SNOMED,72863001,Snoring (finding),,
SNOMED,22298006,Myocardial infarction (disorder),,
SNOMED,279084009,Chest discomfort (finding),,
SNOMED,171128005,Venereal disease screening (procedure),,
SNOMED,237055002,Polycystic ovary syndrome (disorder),,
SNOMED,781067001,Polycystic ovary (disorder),,
SNOMED,11466000,Cesarean section (procedure),,
SNOMED,197940006,Microscopic hematuria (disorder),,
SNOMED,56608008,Pain of wrist region (finding),,
SNOMED,415076002,Personal history of primary malignant neoplasm of breast (situation),,
SNOMED,60046008,Pleural effusion (disorder),,
SNOMED,232717009,Coronary artery bypass grafting (procedure),,
SNOMED,236648008,Acute retention of urine (disorder),,
SNOMED,199047001,False labor (finding),,
SNOMED,289530006,Bleeding from vagina (finding),,
SNOMED,274714007,Shadow of lung (finding),,
SNOMED,111566002,Acquired hypothyroidism (disorder),,
SNOMED,44223004,Premature rupture of membranes (disorder),,
SNOMED,86406008,Human immunodeficiency virus infection (disorder),,
SNOMED,125667009,Contusion (disorder),,
SNOMED,94391008,Metastatic malignant neoplasm to lung (disorder),,
SNOMED,271437004,Problem situation relating to social and personal history (finding),,
SNOMED,66931009,Hypercalcemia (disorder),,
SNOMED,19063003,Arthroplasty of knee (procedure),,
SNOMED,266254007,Occlusion of carotid artery (disorder),,
SNOMED,77259008,Prolonged second stage of labor (disorder),,
SNOMED,93163002,Lipoma (disorder),,
SNOMED,7895008,Poisoning caused by drug AND/OR medicinal substance (disorder),,
SNOMED,64905009,Paranoid schizophrenia (disorder),,
SNOMED,183646003,Postoperative visit (finding),,
SNOMED,72605008,Candidal vulvovaginitis (disorder),,
SNOMED,161805006,Past pregnancy history of cesarean section (situation),,
SNOMED,421961002,Hypersensitivity reaction (disorder),,
SNOMED,78667006,Dysthymia (disorder),,
SNOMED,1263729008,Fetal disorder due to premature rupture of membranes (disorder),,
SNOMED,7058009,Noncompliance with treatment (finding),,
SNOMED,161898004,Falls (finding),,
SNOMED,48532005,Muscle strain (disorder),,
SNOMED,58214004,Schizophrenia (disorder),,
SNOMED,63467002,Left bundle branch block (disorder),,
SNOMED,5370000,Atrial flutter (disorder),,
SNOMED,371622005,Elevated blood pressure reading without diagnosis of hypertension (situation),,
SNOMED,421326000,Disorder of nervous system due to type 2 diabetes mellitus (disorder),,
SNOMED,4557003,Preinfarction syndrome (disorder),,
SNOMED,44808001,Conduction disorder of the heart (disorder),,
SNOMED,202855006,Lateral epicondylitis (disorder),,
SNOMED,125666000,Burn (disorder),,
SNOMED,11530004,Brittle diabetes mellitus (disorder),,
SNOMED,45816000,Pyelonephritis (disorder),,
SNOMED,63491006,Intermittent claudication (finding),,
SNOMED,72866009,Varicose veins of lower extremity (disorder),,
SNOMED,50582007,Hemiplegia (disorder),,
SNOMED,30549001,Removal of suture (procedure),,
SNOMED,134407002,Chronic back pain (finding),,
SNOMED,82423001,Chronic pain (finding),,
SNOMED,4120002,Bronchiolitis (disorder),,
SNOMED,426979002,Mild persistent asthma (disorder),,
SNOMED,94392001,Metastatic malignant neoplasm to lymph node (disorder),,
SNOMED,267434003,Mixed hyperlipidemia (disorder),,
SNOMED,60241006,Female urinary stress incontinence (finding),,
SNOMED,201837004,"Localized, primary osteoarthritis of the ankle and/or foot (disorder)",,
SNOMED,397974008,Hypesthesia (finding),,
SNOMED,53057004,Hand pain (finding),,
SNOMED,69322001,Psychotic disorder (disorder),,
SNOMED,123756000,Menopausal syndrome (disorder),,
SNOMED,54329005,Acute myocardial infarction of anterior wall (disorder),,
SNOMED,266717002,Hormone replacement therapy (procedure),,
SNOMED,12295008,Bronchiectasis (disorder),,
SNOMED,128196005,Lumbar radiculopathy (disorder),,
SNOMED,239872002,Osteoarthritis of hip (disorder),,
SNOMED,394659003,Acute coronary syndrome (disorder),,
SNOMED,254582000,Adenocarcinoma of rectum (disorder),,
SNOMED,126660000,Deviated nasal septum (disorder),,
SNOMED,60845006,Dyspnea on exertion (finding),,
SNOMED,91019004,Paresthesia (finding),,
SNOMED,302866003,Hypoglycemia (disorder),,
SNOMED,404223003,Deep venous thrombosis of lower extremity (disorder),,
SNOMED,88797001,Complication of surgical procedure (disorder),,
SNOMED,427679007,Mild intermittent asthma (disorder),,
SNOMED,162673000,General examination of patient (procedure),,
SNOMED,309737007,Abdominal pain in pregnancy (finding),,
SNOMED,55464009,Systemic lupus erythematosus (disorder),,
SNOMED,194849004,Generalized ischemic myocardial dysfunction (disorder),,
SNOMED,405729008,Hematochezia (finding),,
SNOMED,95344007,Ulcer of lower extremity (disorder),,
SNOMED,239880009,Lumbar spondylosis (disorder),,
SNOMED,17741008,Acute tonsillitis (disorder),,
SNOMED,16761005,Esophagitis (disorder),,
SNOMED,60234000,Aortic valve regurgitation (disorder),,
SNOMED,372130007,Malignant neoplasm of skin (disorder),,
SNOMED,419284004,Altered mental status (finding),,
SNOMED,56317004,Alopecia (disorder),,
SNOMED,47200007,High risk pregnancy (finding),,
SNOMED,166643006,Liver enzymes outside reference range (finding),,
SNOMED,16607004,Missed abortion (disorder),,
SNOMED,399326009,Malignant neoplasm of urinary bladder (disorder),,
SNOMED,6456007,Supraventricular tachycardia (disorder),,
SNOMED,70995007,Pulmonary hypertension (disorder),,
SNOMED,68235000,Nasal congestion (finding),,
SNOMED,309523001,Artificial lens present (finding),,
SNOMED,247355005,Flank pain (finding),,
SNOMED,66857006,Hemoptysis (finding),,
SNOMED,111843007,Viral gastroenteritis (disorder),,
SNOMED,301717006,Right upper quadrant pain (finding),,
SNOMED,77075001,Primary open angle glaucoma (disorder),,
SNOMED,363443007,Malignant neoplasm of ovary (disorder),,
SNOMED,249288007,Incomplete emptying of urinary bladder (finding),,
SNOMED,279333002,Pruritic disorder (disorder),,
SNOMED,27431007,Fibrocystic breast changes (finding),,
SNOMED,183644000,Surgical follow-up (finding),,
SNOMED,84849002,Tinea corporis (disorder),,
SNOMED,127296001,Intracranial injury (disorder),,
SNOMED,57419008,Gastroenteritis presumed infectious (disorder),,
SNOMED,48440001,Gouty arthritis (disorder),,
SNOMED,197456007,Acute pancreatitis (disorder),,
SNOMED,57054005,Acute myocardial infarction (disorder),,
SNOMED,225457007,Feeling suicidal (finding),,
SNOMED,274100004,Cerebral hemorrhage (disorder),,
SNOMED,87557004,Urge incontinence of urine (finding),,
SNOMED,49472006,Megaloblastic anemia due to vitamin B>12< deficiency (disorder),,
SNOMED,92814006,"Chronic lymphoid leukemia, disease (disorder)",,
SNOMED,362971004,Disorder of lymphatic system (disorder),,
SNOMED,18114009,Prenatal examination and care of mother (procedure),,
SNOMED,397881000,Diverticular disease (disorder),,
SNOMED,67198005,Paroxysmal supraventricular tachycardia (disorder),,
SNOMED,105629000,Chlamydial infection (disorder),,
SNOMED,90176007,Tonsillitis (disorder),,
SNOMED,46152009,Tear film insufficiency (disorder),,
SNOMED,22325002,Abnormal gait (finding),,
SNOMED,52684005,Assault (event),,
SNOMED,217082002,Accidental fall (event),,
SNOMED,70536003,Transplant of kidney (procedure),,
SNOMED,262286000,Weight increased (finding),,
SNOMED,28651003,Orthostatic hypotension (disorder),,
SNOMED,45352006,Spasm (finding),,
SNOMED,75694006,Pancreatitis (disorder),,
SNOMED,17222009,Closed fracture of distal end of radius (disorder),,
SNOMED,57759005,First degree perineal laceration (disorder),,
SNOMED,304253006,Not for resuscitation (finding),,
SNOMED,266433003,Gastroesophageal reflux disease with esophagitis (disorder),,
SNOMED,10725009,Benign hypertension (disorder),,
SNOMED,428078001,History of total hysterectomy (situation),,
SNOMED,193093009,Bell's palsy (disorder),,
SNOMED,48867003,Bradycardia (finding),,
SNOMED,65323003,Polymyalgia rheumatica (disorder),,
SNOMED,299709002,Dental abscess (disorder),,
SNOMED,73391008,Dysplasia of cervix (disorder),,
SNOMED,80327007,Serous otitis media (disorder),,
SNOMED,116143008,Total abdominal hysterectomy (procedure),,
SNOMED,423204009,Orthopedic assessment (procedure),,
SNOMED,41291007,Angioedema (disorder),,
SNOMED,128060009,Venous varices (disorder),,
SNOMED,52734007,Total replacement of hip (procedure),,
SNOMED,367336001,Chemotherapy (procedure),,
SNOMED,39898005,Sleep disorder (disorder),,
SNOMED,53430007,Pain of breast (finding),,
SNOMED,785696007,Malabsorption syndrome due to intolerance to lactose (disorder),,
SNOMED,3424008,Tachycardia (finding),,
SNOMED,53726008,Acute conjunctivitis (disorder),,
SNOMED,118600007,Malignant lymphoma (disorder),,
SNOMED,66999008,Hyperparathyroidism (disorder),,
SNOMED,41565005,Periodontitis (disorder),,
SNOMED,428262008,History of malignant neoplasm of prostate (situation),,
SNOMED,275531008,History of pacemaker in situ (situation),,
SNOMED,697929007,Intermittent hypertension (disorder),,
SNOMED,297242006,Family history of ischemic heart disease (situation),,
SNOMED,420279001,Renal disorder due to type 2 diabetes mellitus (disorder),,
SNOMED,72274001,Nerve root disorder (disorder),,
SNOMED,414875008,Nonexudative age-related macular degeneration (disorder),,
SNOMED,289259007,Vaginal delivery (finding),,
SNOMED,765378003,History of primary malignant neoplasm of skin (situation),,
SNOMED,398057008,Tension-type headache (disorder),,
SNOMED,200681001,Cellulitis and abscess of lower leg (disorder),,
SNOMED,373621006,Chronic pain syndrome (disorder),,
SNOMED,267024001,Abnormal weight loss (finding),,
SNOMED,267432004,Pure hypercholesterolemia (disorder),,
SNOMED,54398005,Acute upper respiratory infection (disorder),,
SNOMED,102594003,Electrocardiogram abnormal (finding),,
SNOMED,277843001,Problem behavior (finding),,
SNOMED,62479008,Acquired immune deficiency syndrome (disorder),,
SNOMED,90968009,Prolonged pregnancy (disorder),,
SNOMED,71444005,Thrombosis of cerebral artery (disorder),,
SNOMED,128241005,Inflammatory disease of liver (disorder),,
SNOMED,371822007,Patient post percutaneous transluminal coronary angioplasty (finding),,
SNOMED,64226004,Colitis (disorder),,
SNOMED,36923009,"Major depression, single episode (disorder)",,
SNOMED,75183008,Abnormal liver function (finding),,
SNOMED,71186008,Croup (disorder),,
SNOMED,429740004,Family history of malignant neoplasm of breast (situation),,
SNOMED,201091002,Skin tag (disorder),,
SNOMED,237602007,Metabolic syndrome X (disorder),,
SNOMED,62014003,Adverse reaction caused by drug (disorder),,
SNOMED,111359004,Diverticulitis of colon (disorder),,
SNOMED,444733009,Preoperative cardiovascular examination (procedure),,
SNOMED,4855003,Retinopathy due to diabetes mellitus (disorder),,
SNOMED,6738008,Female infertility (disorder),,
SNOMED,84494001,Open-angle glaucoma (disorder),,
SNOMED,30128009,Tietze's disease (disorder),,
SNOMED,165816005,Human immunodeficiency virus detected (finding),,
SNOMED,133906008,Postpartum care (regime/therapy),,
SNOMED,235919008,Gallbladder calculus (disorder),,
SNOMED,12763006,Blood pressure below reference range (finding),,
SNOMED,24184005,Blood pressure above reference range (finding),,
SNOMED,266113007,Genital warts (disorder),,
SNOMED,31541009,Sarcoidosis (disorder),,
SNOMED,398064005,Neurogenic urinary bladder (finding),,
SNOMED,191889006,Tobacco dependence in remission (disorder),,
SNOMED,56018004,Wheezing (finding),,
SNOMED,274774002,Elevated level of transaminase and lactic acid dehydrogenase (finding),,
SNOMED,307759003,Helicobacter pylori gastrointestinal tract infection (disorder),,
SNOMED,389026000,Ascites (disorder),,
SNOMED,45007003,Low blood pressure (disorder),,
SNOMED,84017003,Bursitis (disorder),,
SNOMED,17369002,Miscarriage (disorder),,
SNOMED,432415000,Carrier of methicillin resistant Staphylococcus aureus (finding),,
SNOMED,31822004,Urethritis (disorder),,
SNOMED,12574004,Noninfectious gastroenteritis (disorder),,
SNOMED,363478007,Malignant neoplasm of thyroid gland (disorder),,
SNOMED,1163215007,Pressure injury (disorder),,
SNOMED,50219008,Hoarse (finding),,
SNOMED,95891005,Influenza-like illness (finding),,
SNOMED,9713002,Prostatitis (disorder),,
SNOMED,63440008,Verruca plantaris (disorder),,
SNOMED,165346000,Laboratory test result abnormal (situation),,
SNOMED,234347009,Anemia of chronic disorder (disorder),,
SNOMED,106008001,Delivery AND/OR maternal condition affecting management (disorder),,
SNOMED,254818000,Dysplastic nevus of skin (disorder),,
SNOMED,26538006,Degeneration of lumbar intervertebral disc (disorder),,
SNOMED,301754002,Right lower quadrant pain (finding),,
SNOMED,8619003,Infertile (finding),,
SNOMED,111541001,Benign paroxysmal positional vertigo (disorder),,
SNOMED,56454009,Pityriasis versicolor (disorder),,
SNOMED,125602001,Injury of lower leg (disorder),,
SNOMED,52475004,Xeroderma (disorder),,
SNOMED,95345008,Ulcer of foot (disorder),,
SNOMED,235104008,Impacted tooth (disorder),,
SNOMED,1539003,Acquired trigger finger (disorder),,
SNOMED,43829003,Chronic osteoarthritis (disorder),,
SNOMED,67195008,Acute stress disorder (disorder),,
SNOMED,415086001,History of primary malignant neoplasm of urinary bladder (situation),,
SNOMED,422166005,Peripheral circulatory disorder due to type 2 diabetes mellitus (disorder),,
SNOMED,116141005,Abdominal hysterectomy (procedure),,
SNOMED,409622000,Respiratory failure (disorder),,
SNOMED,609328004,Allergic disposition (finding),,
SNOMED,310305009,Active advance directive (copy within chart) (finding),,
SNOMED,73595000,Stress (finding),,
SNOMED,13197004,Uses contraception (finding),,
SNOMED,237628005,Impaired glucose tolerance in pregnancy (disorder),,
SNOMED,102588006,Chest wall pain (finding),,
SNOMED,197927001,Recurrent urinary tract infection (disorder),,
SNOMED,52441000,Atrophic vaginitis (disorder),,
SNOMED,60937000,Degeneration of lumbosacral intervertebral disc (disorder),,
SNOMED,82649003,Astigmatism (disorder),,
SNOMED,78435003,Ganglion of joint (disorder),,
SNOMED,36083008,Sick sinus syndrome (disorder),,
SNOMED,18027006,Transplantation of liver (procedure),,
SNOMED,78267003,Harmful pattern of use of cocaine (disorder),,
SNOMED,427603009,Intermittent asthma (disorder),,
SNOMED,54404000,Cervical radiculopathy (disorder),,
SNOMED,171183004,Diabetes mellitus screening (procedure),,
SNOMED,443502000,Atherosclerosis of coronary artery (disorder),,
SNOMED,266096002,Methicillin resistant Staphylococcus aureus infection (disorder),,
SNOMED,122548005,Biopsy of breast (procedure),,
SNOMED,198130006,Female pelvic inflammatory disease (disorder),,
SNOMED,41652007,Pain in eye (finding),,
SNOMED,387800004,Cervical spondylosis (disorder),,
SNOMED,707440005,Exercise induced bronchospasm (disorder),,
SNOMED,771299009,Prematurity of infant (disorder),,
SNOMED,133899007,Postoperative care (regime/therapy),,
SNOMED,16207008,Postmature infancy (finding),,
SNOMED,41888000,Temporomandibular joint disorder (disorder),,
SNOMED,12867002,Fetal distress affecting management of mother (disorder),,
SNOMED,139394000,Nocturia (finding),,
SNOMED,57194009,Adjustment disorder with depressed mood (disorder),,
SNOMED,128869009,Infestation caused by Sarcoptes scabiei var hominis (disorder),,
SNOMED,397540003,Visual impairment (disorder),,
SNOMED,48723006,Male hypogonadism (disorder),,
SNOMED,89820008,Closed intertrochanteric fracture (disorder),,
SNOMED,56557000,Fibrositis (disorder),,
SNOMED,255108000,Carcinoma of urinary bladder (disorder),,
SNOMED,90834002,Pain in limb (finding),,
SNOMED,312824007,Family history of cancer of colon (situation),,
SNOMED,609496007,Complication occurring during pregnancy (disorder),,
SNOMED,54888009,Sprain of knee (disorder),,
SNOMED,429699009,History of malignant neoplasm of colon (situation),,
SNOMED,16114001,Fracture of ankle (disorder),,
SNOMED,125599006,Injury of hand (disorder),,
SNOMED,58126003,Postoperative wound infection (disorder),,
SNOMED,52450003,Closed fracture of midcervical section of femur (disorder),,
SNOMED,399020009,Congestive cardiomyopathy (disorder),,
SNOMED,8009008,Nocturnal enuresis (finding),,
SNOMED,59276001,Proliferative retinopathy due to diabetes mellitus (disorder),,
SNOMED,41976001,Cardiac catheterization (procedure),,
SNOMED,370143000,Major depressive disorder (disorder),,
SNOMED,386207004,Temporomandibular joint-pain-dysfunction syndrome (disorder),,
SNOMED,217155007,Fall on same level from slipping (event),,
SNOMED,63480004,Chronic bronchitis (disorder),,
SNOMED,416413003,Advanced maternal age gravida (finding),,
SNOMED,46244001,Recurrent major depression in full remission (disorder),,
SNOMED,48194001,Pregnancy-induced hypertension (disorder),,
SNOMED,31070006,Epididymitis (disorder),,
SNOMED,48277006,Impetigo (disorder),,
SNOMED,68890003,Schizoaffective disorder (disorder),,
SNOMED,79740000,Candidiasis of mouth (disorder),,
SNOMED,275526006,History of cerebrovascular accident (situation),,
SNOMED,40379007,Mild recurrent major depression (disorder),,
SNOMED,128188000,Cerebral palsy (disorder),,
SNOMED,307280005,Implantation of cardiac pacemaker (procedure),,
SNOMED,64586002,Stenosis of carotid artery (disorder),,
SNOMED,254651007,Squamous cell carcinoma of skin (disorder),,
SNOMED,48130008,Hypogonadism (disorder),,
SNOMED,7674000,Greater trochanteric pain syndrome (disorder),,
SNOMED,353295004,Graves' disease (disorder),,
SNOMED,363346000,Malignant neoplastic disease (disorder),,
SNOMED,427295004,Moderate persistent asthma (disorder),,
SNOMED,90562004,"Fetal distress, in liveborn infant (finding)",,
SNOMED,197321007,Steatosis of liver (disorder),,
SNOMED,191736004,Obsessive-compulsive disorder (disorder),,
SNOMED,426702003,Pain in female pelvis (finding),,
SNOMED,46206005,Mood disorder (disorder),,
SNOMED,69195002,Degeneration of cervical intervertebral disc (disorder),,
SNOMED,85848002,Corneal abrasion (disorder),,
SNOMED,30037006,Anal fissure (disorder),,
SNOMED,84114007,Heart failure (disorder),,
SNOMED,55668003,Adjustment disorder with mixed emotional features (disorder),,
SNOMED,41497008,Febrile convulsion (finding),,
SNOMED,22193007,Osteoarthritis of joint of hand (disorder),,
SNOMED,61977001,Chronic type B viral hepatitis (disorder),,
SNOMED,20845005,Meconium in amniotic fluid affecting management of mother (disorder),,
SNOMED,41446000,Blepharitis (disorder),,
SNOMED,441457006,Cyst (disorder),,
SNOMED,16331000,Heartburn (finding),,
SNOMED,161432005,History of malignant melanoma (situation),,
SNOMED,110359009,Intellectual disability (disorder),,
SNOMED,414173003,Exudative age-related macular degeneration (disorder),,
SNOMED,429006005,Family history of malignant neoplasm of gastrointestinal tract (situation),,
SNOMED,285384003,General health deterioration (finding),,
SNOMED,389086002,Hypoxia (disorder),,
SNOMED,74285003,Mass of pelvic structure (finding),,
SNOMED,6142004,Influenza (disorder),,
SNOMED,73589001,Intervertebral disc prolapse (disorder),,
SNOMED,233819005,Stable angina (disorder),,
SNOMED,230462002,Migraine with typical aura (disorder),,
SNOMED,385468004,Cataract extraction and implantation of intraocular lens (procedure),,
SNOMED,415692008,Swelling of first metatarsophalangeal joint of hallux (disorder),,
SNOMED,22220005,Genuine stress incontinence (finding),,
SNOMED,75544000,Opioid dependence (disorder),,
SNOMED,34842007,Antepartum hemorrhage (disorder),,
SNOMED,36118008,Pneumothorax (disorder),,
SNOMED,90708001,Kidney disease (disorder),,
SNOMED,231854006,Atopic conjunctivitis (disorder),,
SNOMED,47382004,Dermatophytosis (disorder),,
SNOMED,442438000,Influenza caused by Influenza A virus (disorder),,
SNOMED,38822007,Cystitis (disorder),,
SNOMED,63305008,Stricture of esophagus (disorder),,
SNOMED,15639000,"Moderate major depression, single episode (disorder)",,
SNOMED,416675009,Furuncle (disorder),,
SNOMED,268547008,Screening for malignant neoplasm of breast (procedure),,
SNOMED,37344009,Harmful pattern of use of Cannabis (disorder),,
SNOMED,44057004,Conductive hearing loss (disorder),,
SNOMED,303011007,Neutropenic disorder (disorder),,
SNOMED,52011008,Injury of finger (disorder),,
SNOMED,307541003,Lower urinary tract symptoms (finding),,
SNOMED,418107008,Unconscious (finding),,
SNOMED,81060008,Intestinal obstruction (disorder),,
SNOMED,30746006,Lymphadenopathy (disorder),,
SNOMED,72934000,Candidiasis of vagina (disorder),,
SNOMED,109995007,Myelodysplastic syndrome (disorder),,
SNOMED,254878006,Endometrial carcinoma (disorder),,
SNOMED,247373008,Ankle pain (finding),,
SNOMED,18165001,Jaundice (finding),,
SNOMED,36474008,Severe recurrent major depression without psychotic features (disorder),,
SNOMED,37610005,Inflammation of cervix (disorder),,
SNOMED,16402000,Sickle cell trait (disorder),,
SNOMED,402815007,Squamous cell carcinoma (disorder),,
SNOMED,202489000,Pain of tibiofibular joint (finding),,
SNOMED,281255004,Small bowel obstruction (disorder),,
SNOMED,398665005,Vasovagal syncope (finding),,
SNOMED,443395009,Compression fracture (disorder),,
SNOMED,82639001,Premenstrual tension syndrome (disorder),,
SNOMED,263225007,Fracture of proximal end of femur (disorder),,
SNOMED,198436008,Menopausal flushing (disorder),,
SNOMED,248290002,Developmental delay (disorder),,
SNOMED,84027009,Pernicious anemia (disorder),,
SNOMED,301716002,Left lower quadrant pain (finding),,
SNOMED,397513003,Hordeolum (disorder),,
SNOMED,234336002,Hemopoietic stem cell transplant (procedure),,
SNOMED,19829001,Disorder of lung (disorder),,
SNOMED,56097005,Migraine without aura (disorder),,
SNOMED,1003614009,Open angle glaucoma suspect (disorder),,
SNOMED,39021009,Disorder of refraction (disorder),,
SNOMED,85189001,Acute appendicitis (disorder),,
SNOMED,102576009,Edema of foot (finding),,
SNOMED,262965006,Strain of back muscle (disorder),,
SNOMED,17602002,Amyloidosis (disorder),,
SNOMED,50465008,Hernia repair (procedure),,
SNOMED,118599009,Hodgkin's disease (disorder),,
SNOMED,389095005,Contraception care (regime/therapy),,
SNOMED,76009000,Esophagogastroduodenoscopy (procedure),,
SNOMED,95214007,Primary malignant neoplasm of liver (disorder),,
SNOMED,26614003,Hydrocele of testis (disorder),,
SNOMED,128276007,Cellulitis of foot (disorder),,
SNOMED,95722004,Bilateral cataracts (disorder),,
SNOMED,127034005,Pancytopenia (disorder),,
SNOMED,74323005,Pain of elbow region (finding),,
SNOMED,302226006,Peripheral nerve disease (disorder),,
SNOMED,23913003,External hemorrhoids (disorder),,
SNOMED,72366004,Eating disorder (disorder),,
SNOMED,11049006,Cervical radiculitis (disorder),,
SNOMED,12866006,Administration of vaccine product containing only Streptococcus pneumoniae antigen (procedure),,
SNOMED,254900004,Carcinoma of prostate (disorder),,
SNOMED,833278008,Glaucoma suspect (disorder),,
SNOMED,68154008,Chronic cough (finding),,
SNOMED,19598007,Generalized epilepsy (disorder),,
SNOMED,6383007,Premature labor (finding),,
SNOMED,52515009,Hernia of abdominal cavity (disorder),,
SNOMED,94225005,Metastatic malignant neoplasm to brain (disorder),,
SNOMED,54885007,Extraction of cataract (procedure),,
SNOMED,187252008,Late effect of respiratory tuberculosis (disorder),,
SNOMED,56306000,Cosmetic surgery (procedure),,
SNOMED,25702006,Alcohol intoxication (disorder),,
SNOMED,399963005,Abrasion (disorder),,
SNOMED,6096002,Breech presentation (finding),,
SNOMED,59614000,Occult blood detected in feces (finding),,
SNOMED,266894000,Family history: Cardiovascular disease (situation),,
SNOMED,266261006,Raynaud's phenomenon (finding),,
SNOMED,428942009,History of fall (situation),,
SNOMED,75803007,Posterior rhinorrhea (disorder),,
SNOMED,25458004,Acute gastritis (disorder),,
SNOMED,736500007,Polyp of nasal cavity (disorder),,
SNOMED,609558009,Essential tremor (disorder),,
SNOMED,399211009,History of myocardial infarction (situation),,
SNOMED,609588000,Prosthetic total arthroplasty of knee joint (procedure),,
SNOMED,78048006,Candidiasis (disorder),,
SNOMED,4210003,Ocular hypertension (disorder),,
SNOMED,8722008,Aortic valve disorder (disorder),,
SNOMED,102572006,Edema of lower extremity (finding),,
SNOMED,91487003,Diaper rash (disorder),,
SNOMED,82403002,Cholangitis (disorder),,
SNOMED,312891008,Pregnancy-related examination (procedure),,
SNOMED,420715001,Persistent microalbuminuria due to type 2 diabetes mellitus (disorder),,
SNOMED,93880001,Primary malignant neoplasm of lung (disorder),,
SNOMED,110030002,Concussion injury of brain (disorder),,
SNOMED,239960007,Impingement syndrome of shoulder region (disorder),,
SNOMED,42265009,Idiopathic urticaria (disorder),,
SNOMED,254915003,Clear cell carcinoma of kidney (disorder),,
SNOMED,125653000,Open wound of finger (disorder),,
SNOMED,444822002,Screening for malignant neoplasm of prostate (procedure),,
SNOMED,371081002,Arthritis of knee (disorder),,
SNOMED,408814002,Ultrasound scan for fetal anomaly (procedure),,
SNOMED,51868009,Ulcer of duodenum (disorder),,
SNOMED,387713003,Surgical procedure (procedure),,
SNOMED,424736006,Peripheral neuropathy due to diabetes mellitus (disorder),,
SNOMED,201819000,Generalized osteoarthritis (disorder),,
SNOMED,21639008,Hypervolemia (finding),,
SNOMED,76581006,Cholecystitis (disorder),,
SNOMED,4754008,Gynecomastia (disorder),,
SNOMED,71906005,Paronychia (disorder),,
SNOMED,124134002,Deficiency of glucose-6-phosphate dehydrogenase (disorder),,
SNOMED,36689008,Acute pyelonephritis (disorder),,
SNOMED,187861000,Malignant neoplasm of upper lobe bronchus (disorder),,
SNOMED,187862007,Malignant neoplasm of upper lobe of lung (disorder),,
SNOMED,281245003,Musculoskeletal chest pain (finding),,
SNOMED,283545005,Gunshot wound (disorder),,
SNOMED,2901004,Melena (disorder),,
SNOMED,255187008,Lipoma of skin (disorder),,
SNOMED,428308007,History of percutaneous transluminal coronary angioplasty (situation),,
SNOMED,90381008,Occipitoanterior position (finding),,
SNOMED,314631008,Menometrorrhagia (finding),,
SNOMED,449707004,Edema of lower leg (finding),,
SNOMED,421986006,Persistent proteinuria due to type 2 diabetes mellitus (disorder),,
SNOMED,217697000,Dog bite (event),,
SNOMED,65568007,Cigarette smoker (finding),,
SNOMED,271558008,Infectious mononucleosis (disorder),,
SNOMED,49220004,Hypertensive renal failure (disorder),,
SNOMED,31956009,Cocaine dependence (disorder),,
SNOMED,75878002,Abdominal aortic aneurysm without rupture (disorder),,
SNOMED,59118001,Right bundle branch block (disorder),,
SNOMED,420054005,Alcoholic cirrhosis (disorder),,
SNOMED,51615001,Fibrosis of lung (disorder),,
SNOMED,95087004,Neoplasm of uncertain behavior of skin (disorder),,
SNOMED,93655004,Malignant melanoma of skin (disorder),,
SNOMED,75088002,Urgent desire to urinate (finding),,
SNOMED,81498004,Bursitis of hip (disorder),,
SNOMED,191813001,Chronic alcoholism in remission (disorder),,
SNOMED,235494005,Chronic pancreatitis (disorder),,
SNOMED,235675006,Gastroparesis (disorder),,
SNOMED,34801009,Ectopic pregnancy (disorder),,
SNOMED,26544005,Muscle weakness (finding),,
SNOMED,1475003,Herpes labialis (disorder),,
SNOMED,385763009,Hospice care (regime/therapy),,
SNOMED,66344007,Recurrent major depression (disorder),,
SNOMED,47639008,Pilonidal cyst (disorder),,
SNOMED,21983002,Hashimoto thyroiditis (disorder),,
SNOMED,198006006,Tight foreskin (finding),,
SNOMED,285365001,Pain in toe (finding),,
SNOMED,154283005,Pulmonary tuberculosis (disorder),,
SNOMED,268471004,Vaginal show (finding),,
SNOMED,2897005,Immune thrombocytopenia (disorder),,
SNOMED,396331005,Celiac disease (disorder),,
SNOMED,449918009,Cramp in lower leg (finding),,
SNOMED,161466001,History of alcoholism (situation),,
SNOMED,94493005,Metastatic malignant neoplasm to pleura (disorder),,
SNOMED,20511007,Fracture of hand (disorder),,
SNOMED,1149222004,Overdose (disorder),,
SNOMED,399294002,Cyst of breast (disorder),,
SNOMED,52254009,Nephrotic syndrome (disorder),,
SNOMED,266468003,Cirrhosis - non-alcoholic (disorder),,
SNOMED,32307003,Polyp of nasal sinus (disorder),,
SNOMED,36071006,Chondromalacia of patella (disorder),,
SNOMED,83561009,Spinal stenosis in cervical region (disorder),,
SNOMED,219006,Current drinker of alcohol (finding),,
SNOMED,360450007,Strain of neck muscle (disorder),,
SNOMED,269533000,Carcinoma of colon (disorder),,
SNOMED,359557001,Disorder of artery (disorder),,
SNOMED,56727007,Vitiligo (disorder),,
SNOMED,252005008,Female cystocele (disorder),,
SNOMED,20301004,Dysphasia (finding),,
SNOMED,405557003,Occlusion of lower limb artery (disorder),,
SNOMED,29555009,Retinal disorder (disorder),,
SNOMED,367649002,Epiretinal membrane (disorder),,
SNOMED,111985007,Chronic abdominal pain (finding),,
SNOMED,33135002,Recurrent major depression in partial remission (disorder),,
SNOMED,56335008,Infection caused by Trichomonas (disorder),,
SNOMED,60168000,Osteomyelitis (disorder),,
SNOMED,736499003,Polyp of nasal cavity and/or nasal sinus (disorder),,
SNOMED,299703001,Mass of neck (finding),,
SNOMED,128462008,Metastatic malignant neoplasm (disorder),,
SNOMED,242408008,Fall from one level to another (event),,
SNOMED,77150002,"History and physical examination, school (procedure)",,
SNOMED,156073000,Complete miscarriage (disorder),,
SNOMED,22523008,Vasectomy (procedure),,
SNOMED,397825006,Gastric ulcer (disorder),,
SNOMED,255184001,Papilloma of skin (disorder),,
SNOMED,44077006,Numbness (finding),,
SNOMED,1259205009,Fetal disorder due to breech delivery (disorder),,
SNOMED,1259206005,Early neonatal disorder due to breech delivery (disorder),,
SNOMED,1259208006,Early neonatal disorder due to breech extraction (disorder),,
SNOMED,32413006,Transplantation of heart (procedure),,
SNOMED,196033004,Pneumonitis caused by inhalation of regurgitated food (disorder),,
SNOMED,196035006,Pneumonitis caused by inhalation of vomitus (disorder),,
SNOMED,35498005,Stasis dermatitis (disorder),,
SNOMED,389087006,Hypoxemia (disorder),,
SNOMED,60389000,Paraplegia (disorder),,
SNOMED,60442001,Perforation of tympanic membrane (disorder),,
SNOMED,25569003,Ventricular tachycardia (disorder),,
SNOMED,413343005,Mixed urinary incontinence (finding),,
SNOMED,422099009,Disorder of eye due to type 2 diabetes mellitus (disorder),,
SNOMED,31681005,Trigeminal neuralgia (disorder),,
SNOMED,42059000,Retinal detachment (disorder),,
SNOMED,84828003,Leukopenia (disorder),,
SNOMED,31341008,Vitreous hemorrhage (disorder),,
SNOMED,13954005,Ischemic ulcer (disorder),,
SNOMED,22033007,Fetal growth retardation (disorder),,
SNOMED,236423003,Renal impairment (disorder),,
SNOMED,398126006,Muscular headache (disorder),,
SNOMED,313307000,Epileptic seizure (finding),,
SNOMED,429993008,History of cerebrovascular accident without residual deficits (situation),,
SNOMED,93616000,Intramural leiomyoma of uterus (disorder),,
SNOMED,40468003,"Viral hepatitis, type A (disorder)",,
SNOMED,5441008,Tinea capitis (disorder),,
SNOMED,315348000,Asymptomatic coronary heart disease (disorder),,
SNOMED,13445001,Ménière's disease (disorder),,
SNOMED,405817008,Fracture of phalanx of hand (disorder),,
SNOMED,17366009,Atrial arrhythmia (disorder),,
SNOMED,83152002,Oophorectomy (procedure),,
SNOMED,88092000,Muscle atrophy (disorder),,
SNOMED,72042002,Incontinence of feces (finding),,
SNOMED,11851006,Mitral valve disorder (disorder),,
SNOMED,413533008,Anemia due to chronic blood loss (disorder),,
SNOMED,51274000,Atherosclerosis of arteries of the extremities (disorder),,
SNOMED,237599002,Insulin treated type 2 diabetes mellitus (disorder),,
SNOMED,8847002,Spondylosis (disorder),,
SNOMED,186193001,"Tuberculosis of lung, confirmed by sputum microscopy with or without culture (disorder)",,
SNOMED,77489003,Pterygium (disorder),,
SNOMED,23685000,Rheumatic heart disease (disorder),,
SNOMED,266998003,History of peptic ulcer (situation),,
SNOMED,359837005,Ulnar neuropathy (disorder),,
SNOMED,309529002,Lung mass (finding),,
SNOMED,276877003,Trichomonal vaginitis (disorder),,
SNOMED,262599003,Foreign body in respiratory tract (disorder),,
SNOMED,18692006,Bypass gastroenterostomy (procedure),,
SNOMED,233170003,Implantation of automatic cardiac defibrillator (procedure),,
SNOMED,430725003,Patellofemoral stress syndrome (disorder),,
SNOMED,431857002,Chronic kidney disease stage 4 (disorder),,
SNOMED,414795007,Myocardial ischemia (disorder),,
SNOMED,445249002,Multiple nodules of lung (disorder),,
SNOMED,36241006,Non-toxic multinodular goiter (disorder),,
SNOMED,84757009,Epilepsy (disorder),,
SNOMED,18876004,Pain in finger (finding),,
SNOMED,267970006,Cervical spondylosis without myelopathy (disorder),,
SNOMED,449711005,Cellulitis of lower leg (disorder),,
SNOMED,162863004,Body mass index 25-29 - overweight (finding),,
SNOMED,40917007,Clouded consciousness (finding),,
SNOMED,77507001,Mixed conductive AND sensorineural hearing loss (disorder),,
SNOMED,234949000,Tooth eruption disorder (disorder),,
SNOMED,228372006,Poly-drug misuser (finding),,
SNOMED,35885006,Hyperuricemia (disorder),,
SNOMED,359820003,Closed fracture of neck of femur (disorder),,
SNOMED,246636008,Hazy vision (disorder),,
SNOMED,83225003,Bipolar II disorder (disorder),,
SNOMED,309431009,Arthroscopy of knee joint (procedure),,
SNOMED,53888004,Disturbance in sleep behavior (finding),,
SNOMED,160822004,Relationship problem (finding),,
SNOMED,35350000,Implantation of aortic valve prosthesis or synthetic device (procedure),,
SNOMED,70704007,Sprain of wrist (disorder),,
SNOMED,274142002,Dupuytren's contracture of finger (disorder),,
SNOMED,33449004,Personality disorder (disorder),,
SNOMED,35678005,Pain of multiple joints (finding),,
SNOMED,225624000,Panic attack (finding),,
SNOMED,279040009,Mechanical low back pain (finding),,
SNOMED,7973008,Abnormal vision (finding),,
SNOMED,204317008,Patent foramen ovale (disorder),,
SNOMED,237662005,Hyperprolactinemia (disorder),,
SNOMED,399187006,Hemochromatosis (disorder),,
SNOMED,2415007,Lumbosacral radiculopathy (disorder),,
SNOMED,368009,Heart valve disorder (disorder),,
SNOMED,79890006,Loss of appetite (finding),,
SNOMED,410429000,Cardiac arrest (disorder),,
SNOMED,40070004,Infection caused by Molluscum contagiosum (disorder),,
SNOMED,431856006,Chronic kidney disease stage 2 (disorder),,
SNOMED,94627008,Metastatic malignant neoplasm to peritoneum (disorder),,
SNOMED,279038004,Thoracic back pain (finding),,
SNOMED,34436003,Blood in urine (finding),,
SNOMED,399114005,Adhesive capsulitis of shoulder (disorder),,
SNOMED,70545002,Narcotic drug user (finding),,
SNOMED,91936005,Allergy to penicillin (finding),,
SNOMED,35963001,Removal of staples (procedure),,
SNOMED,24982008,Diplopia (disorder),,
SNOMED,83901003,Sjögren's syndrome (disorder),,
SNOMED,239720000,Tear of meniscus of knee (disorder),,
SNOMED,31054009,Ureteric stone (disorder),,
SNOMED,4386001,Bronchospasm (finding),,
SNOMED,52702003,Chronic fatigue syndrome (disorder),,
SNOMED,388983002,Paronychia of toe (disorder),,
SNOMED,85005007,Cannabis dependence (disorder),,
SNOMED,225886003,Medical assessment (procedure),,
SNOMED,282020008,Premature delivery (finding),,
SNOMED,367494004,Premature birth of newborn (finding),,
SNOMED,209557005,Neck sprain (disorder),,
SNOMED,105597003,Blindness AND/OR vision impairment level (disorder),,
SNOMED,237570007,Multinodular goiter (disorder),,
SNOMED,11934000,Ptosis of eyelid (disorder),,
SNOMED,426232007,Environmental allergy (finding),,
SNOMED,54840006,Failure to thrive (disorder),,
SNOMED,70070008,Torticollis (disorder),,
SNOMED,65200003,Insertion of intrauterine contraceptive device (procedure),,
SNOMED,171126009,Tuberculosis screening (procedure),,
SNOMED,428053000,History of malignant basal cell neoplasm of skin (situation),,
SNOMED,428535004,History of cataract extraction (situation),,
SNOMED,5505005,Acute bronchiolitis (disorder),,
SNOMED,307132003,Common bile duct calculus (disorder),,
SNOMED,409063005,Counseling (procedure),,
SNOMED,49882001,Viral exanthem (disorder),,
SNOMED,53226007,Talipes planus (disorder),,
SNOMED,22722001,Idiopathic peripheral neuropathy (disorder),,
SNOMED,25479004,Foreign body in pharynx (disorder),,
SNOMED,33659008,Keloid scar (disorder),,
SNOMED,13619001,Thyroidectomy (procedure),,
SNOMED,202110002,Old anterior cruciate ligament disruption (disorder),,
SNOMED,200823002,Contact dermatitis caused by urushiol from Toxicodendron radicans (disorder),,
SNOMED,24623002,Screening mammography (procedure),,
SNOMED,274667000,Jaw pain (finding),,
SNOMED,20262006,Ataxia (finding),,
SNOMED,55300003,Cramp (finding),,
SNOMED,69724002,Implantation of prosthetic intraocular lens (procedure),,
SNOMED,267718000,Age-related macular degeneration (disorder),,
SNOMED,402555001,Multiple benign melanocytic nevi (disorder),,
SNOMED,24976005,Uterine prolapse (disorder),,
SNOMED,309088003,Renal mass (finding),,
SNOMED,205237003,Pneumonitis (disorder),,
SNOMED,302289002,Coordination problem (finding),,
SNOMED,193699007,Blindness - both eyes (disorder),,
SNOMED,56717001,Tuberculosis (disorder),,
SNOMED,36348003,Primary hyperparathyroidism (disorder),,
SNOMED,279069000,Musculoskeletal pain (finding),,
SNOMED,3218000,Mycosis (disorder),,
SNOMED,127364007,Primigravida (finding),,
SNOMED,116144002,Total abdominal hysterectomy with bilateral salpingo-oophorectomy (procedure),,
SNOMED,76618002,Urethral stricture (disorder),,
SNOMED,111583006,Leukocytosis (disorder),,
SNOMED,251175005,Ventricular premature complex (disorder),,
SNOMED,371087003,Ulcer of foot due to diabetes mellitus (disorder),,
SNOMED,431237007,Chronic headache disorder (disorder),,
SNOMED,400210000,Hemangioma (disorder),,
SNOMED,234097001,Lymphedema (disorder),,
SNOMED,127295002,Traumatic brain injury (disorder),,
SNOMED,76498008,Postmenopausal state (finding),,
SNOMED,230381009,Focal epilepsy (disorder),,
SNOMED,19429009,Chronic ulcer of skin (disorder),,
SNOMED,85232009,Left ventricular failure (disorder),,
SNOMED,266601003,Excessive and frequent menstruation (finding),,
SNOMED,266935003,Housing lack (finding),,
SNOMED,6631009,Thrombocytosis (disorder),,
SNOMED,116289008,Abdominal bloating (finding),,
SNOMED,235856003,Disorder of liver (disorder),,
SNOMED,371160000,Disorder of carotid artery (disorder),,
SNOMED,55827005,Left ventricular hypertrophy (disorder),,
SNOMED,88111009,Altered bowel function (finding),,
SNOMED,166830008,Serum cholesterol above reference range (finding),,
SNOMED,301706005,Abscess of foot (disorder),,
SNOMED,191884001,Nondependent harmful pattern of use of alcohol in remission (disorder),,
SNOMED,255056009,Malignant neoplasm of head and/or neck (disorder),,
SNOMED,129839007,At increased risk for falls (finding),,
SNOMED,405633009,Streptococcus group B infection of the infant (disorder),,
SNOMED,72552008,Neonatal feeding problem (finding),,
SNOMED,371596008,Bipolar I disorder (disorder),,
SNOMED,1532007,Viral pharyngitis (disorder),,
SNOMED,50417007,Lower respiratory tract infection (disorder),,
SNOMED,43064006,Hydronephrosis (disorder),,
SNOMED,20010003,Borderline personality disorder (disorder),,
SNOMED,28670008,Esophageal varices (disorder),,
SNOMED,230414008,Epilepsy with generalized tonic-clonic seizures alone (disorder),,
SNOMED,233174007,Cardiac pacemaker procedure (procedure),,
SNOMED,77692006,Hypersomnia (disorder),,
SNOMED,194424005,Sensorineural hearing loss of bilateral ears (disorder),,
SNOMED,343087000,Partial deafness (disorder),,
SNOMED,51070004,Varicocele (disorder),,
SNOMED,21454007,Subarachnoid intracranial hemorrhage (disorder),,
SNOMED,236037000,Incisional hernia (disorder),,
SNOMED,38907003,Varicella (disorder),,
SNOMED,63901009,Pain in testicle (finding),,
SNOMED,183655000,Transplant follow-up (finding),,
SNOMED,399029005,Tinea cruris (disorder),,
SNOMED,81712001,Pain in female genitalia on intercourse (finding),,
SNOMED,45913009,Laryngitis (disorder),,
SNOMED,30654002,Hypertrophy of nail (disorder),,
SNOMED,35468003,Crushed in between objects (event),,
SNOMED,387742006,Amblyopia (disorder),,
SNOMED,234319005,Splenectomy (procedure),,
SNOMED,65576009,Polyp of cervix (disorder),,
SNOMED,722223000,Cyst of kidney (disorder),,
SNOMED,13920009,Hepatic encephalopathy (disorder),,
SNOMED,95320005,Disorder of skin (disorder),,
SNOMED,166922008,Blood glucose outside reference range (finding),,
SNOMED,166828006,Serum cholesterol within reference range (finding),,
SNOMED,192127007,Child attention deficit disorder (disorder),,
SNOMED,2177002,Postherpetic neuralgia (disorder),,
SNOMED,197941005,Frank hematuria (disorder),,
SNOMED,233703007,Interstitial lung disease (disorder),,
SNOMED,26212005,Replacement of aortic valve (procedure),,
SNOMED,27885002,Complete atrioventricular block (disorder),,
SNOMED,363518003,Malignant neoplasm of kidney (disorder),,
SNOMED,95319004,Skin nodule (disorder),,
SNOMED,43275000,Otitis (disorder),,
SNOMED,76571007,Septic shock (disorder),,
SNOMED,14304000,Disorder of thyroid gland (disorder),,
SNOMED,233873004,Hypertrophic cardiomyopathy (disorder),,
SNOMED,46775006,Neonatal respiratory distress syndrome (disorder),,
SNOMED,18949003,Change of dressing (procedure),,
SNOMED,12463005,Infectious gastroenteritis (disorder),,
SNOMED,161800001,History of hysterectomy (situation),,
SNOMED,35486000,Subdural intracranial hemorrhage (disorder),,
SNOMED,235871004,Hepatitis B carrier (finding),,
SNOMED,267095009,Speech problem (finding),,
SNOMED,68569003,Manic bipolar I disorder (disorder),,
SNOMED,161508001,History of deep vein thrombosis (situation),,
SNOMED,88223008,Secondary pulmonary hypertension (disorder),,
SNOMED,275546001,History of thrombosis (situation),,
SNOMED,201201000,Vesicular eczema of foot (disorder),,
SNOMED,15628003,Gonorrhea (disorder),,
SNOMED,255029007,Papillary thyroid carcinoma (disorder),,
SNOMED,63643000,Derangement of knee (disorder),,
SNOMED,74400008,Appendicitis (disorder),,
SNOMED,49455004,Polyneuropathy due to diabetes mellitus (disorder),,
SNOMED,392236004,Operative procedure on spinal structure (procedure),,
SNOMED,52767006,Neonatal hypoglycemia (disorder),,
SNOMED,12729009,Prolonged rupture of membranes (disorder),,
SNOMED,8229003,Vasomotor rhinitis (disorder),,
SNOMED,277577000,Monoclonal gammopathy of uncertain significance (disorder),,
SNOMED,421893009,Renal disorder due to type 1 diabetes mellitus (disorder),,
SNOMED,78164000,Feeding problem (finding),,
SNOMED,90979004,Chronic tonsillitis (disorder),,
SNOMED,161414005,History of tuberculosis (situation),,
SNOMED,12847006,Acute duodenal ulcer with hemorrhage (disorder),,
SNOMED,399374009,Regional lymph node metastasis present (finding),,
SNOMED,122481008,Hammer toe (disorder),,
SNOMED,363354003,Malignant neoplasm of cervix uteri (disorder),,
SNOMED,202708005,Prolapsed lumbar intervertebral disc (disorder),,
SNOMED,8765009,Hematemesis (disorder),,
SNOMED,312104005,Cholangiocarcinoma of biliary tract (disorder),,
SNOMED,82127005,Perianal abscess (disorder),,
SNOMED,191187006,Alpha trait thalassemia (disorder),,
SNOMED,429305003,Nonvenomous insect bite (disorder),,
SNOMED,444613000,Adult attention deficit hyperactivity disorder (disorder),,
SNOMED,274152003,Spondylolisthesis (disorder),,
SNOMED,363402007,Malignant neoplasm of esophagus (disorder),,
SNOMED,426965005,Aphthous ulcer of mouth (disorder),,
SNOMED,221360009,Spasticity (finding),,
SNOMED,254626006,Adenocarcinoma of lung (disorder),,
SNOMED,444073006,Uncontrolled type 1 diabetes mellitus (disorder),,
SNOMED,102568007,Paresis of lower extremity (finding),,
SNOMED,275425008,Retained products after miscarriage (disorder),,
SNOMED,302932006,Tear of medial meniscus of knee (disorder),,
SNOMED,30288003,Ventricular septal defect (disorder),,
SNOMED,247398009,Neuropathic pain (finding),,
SNOMED,66657009,Paroxysmal ventricular tachycardia (disorder),,
SNOMED,263208005,Fracture of distal end of radius and ulna (disorder),,
SNOMED,41339005,Percutaneous transluminal angioplasty of coronary artery using imaging guidance with contrast (procedure),,
SNOMED,71457002,Oropharyngeal dysphagia (disorder),,
SNOMED,95529005,Acute gastric ulcer (disorder),,
SNOMED,9631008,Ankylosing spondylitis (disorder),,
SNOMED,125601008,Injury of knee (disorder),,
SNOMED,275972003,Cholesterol screening (procedure),,
SNOMED,373623009,Osteoarthritis of glenohumeral joint (disorder),,
SNOMED,1004081001,Neonatal disorder due to disease in mother (disorder),,
SNOMED,271857006,Loin pain (finding),,
SNOMED,609429008,Fetal disorder due to disease in mother (disorder),,
SNOMED,891003,Suicide by self-administered drug (event),,
SNOMED,34742003,Portal hypertension (disorder),,
SNOMED,72007001,Duodenitis (disorder),,
SNOMED,190237002,Non-toxic uninodular goiter (disorder),,
SNOMED,65275009,Acute cholecystitis (disorder),,
SNOMED,7093002,Renal colic (finding),,
SNOMED,300848003,Mass of body structure (finding),,
SNOMED,53889007,Nuclear cataract (disorder),,
SNOMED,237640005,Drug-induced hypoglycemia (disorder),,
SNOMED,402166000,Chronic effect of ultraviolet radiation on normal skin (disorder),,
SNOMED,425322008,Stab wound (disorder),,
SNOMED,81308009,Disorder of brain (disorder),,
SNOMED,51611005,Chronic urticaria (disorder),,
SNOMED,193387007,Cystoid macular edema (disorder),,
SNOMED,443092002,Callus of bone (finding),,
SNOMED,55570000,Asthma without status asthmaticus (disorder),,
SNOMED,47944004,Malocclusion of teeth (disorder),,
SNOMED,67362008,Aortic aneurysm (disorder),,
SNOMED,1482004,Cyst of meibomian gland (disorder),,
SNOMED,416098002,Allergy to drug (finding),,
SNOMED,187692001,Malignant neoplasm of nasopharynx (disorder),,
SNOMED,312081001,Uses intrauterine device contraception (finding),,
SNOMED,267004000,History of musculoskeletal disease (situation),,
SNOMED,275498002,Respiratory tract infection (disorder),,
SNOMED,442024001,Hemiplegia as late effect of cerebrovascular disease (disorder),,
SNOMED,442423001,Single liveborn born in hospital by cesarean section (situation),,
SNOMED,54586004,Lower abdominal pain (finding),,
SNOMED,360371003,Acute cardiac pulmonary edema (disorder),,
SNOMED,35923002,Chronic maxillary sinusitis (disorder),,
SNOMED,127086001,Cervical lymphadenopathy (disorder),,
SNOMED,185086009,Chronic obstructive bronchitis (disorder),,
SNOMED,240004005,Semimembranosus bursitis (disorder),,
SNOMED,82272006,Common cold (disorder),,
SNOMED,14734007,Administrative procedure (procedure),,
SNOMED,268637002,Psychosexual dysfunction (finding),,
SNOMED,386705008,Lightheadedness (finding),,
SNOMED,35919005,Pervasive developmental disorder (disorder),,
SNOMED,428054006,Adenomatous polyp of colon (disorder),,
SNOMED,38481006,Hypertensive renal disease (disorder),,
SNOMED,420422005,Ketoacidosis due to diabetes mellitus (disorder),,
SNOMED,439956007,History of abnormal cervical Papanicolaou smear (situation),,
SNOMED,11314008,Polyp of corpus uteri (disorder),,
SNOMED,386805003,Mild neurocognitive disorder (disorder),,
SNOMED,62452009,Subjective tinnitus (finding),,
SNOMED,191882002,Continuous nondependent harmful pattern of use of alcohol (disorder),,
SNOMED,269795008,Foreign body accident - orifice (event),,
SNOMED,372111007,Carcinoma of lower lobe of lung (disorder),,
SNOMED,2776000,Delirium (disorder),,
SNOMED,77252004,Pityriasis rosea (disorder),,
SNOMED,58588007,Cutis laxa (disorder),,
SNOMED,102570003,Inguinal pain (finding),,
SNOMED,267952008,Pain of joint of pelvis and/or upper leg (finding),,
SNOMED,5935008,Uses oral contraception (finding),,
SNOMED,199397009,Cephalopelvic disproportion (disorder),,
SNOMED,82119001,Thyroiditis (disorder),,
SNOMED,302497006,Hemodialysis (procedure),,
SNOMED,33737001,Fracture of rib (disorder),,
SNOMED,81564005,Chronic serous otitis media (disorder),,
SNOMED,424413001,Sarcoma (disorder),,
SNOMED,58718002,Rheumatic fever (disorder),,
SNOMED,196417006,Impacted third molar tooth (disorder),,
SNOMED,1354666001,Disorder associated with implant (disorder),,
SNOMED,70142008,Atrial septal defect (disorder),,
SNOMED,125652005,Open wound of hand (disorder),,
SNOMED,129565002,Disorder of skeletal AND/OR smooth muscle (disorder),,
SNOMED,201038005,Corn - lesion (disorder),,
SNOMED,21850008,Plagiocephaly (disorder),,
SNOMED,22878006,Contusion of knee (disorder),,
SNOMED,186431008,Infection caused by Clostridioides difficile (disorder),,
SNOMED,417746004,Traumatic injury (disorder),,
SNOMED,446313009,Laceration of tendon of finger (disorder),,
SNOMED,5880005,Physical examination procedure (procedure),,
SNOMED,103736005,"History and physical examination, sports participation (procedure)",,
SNOMED,243788004,Child examination (procedure),,
SNOMED,267431006,Disorder of lipid metabolism (disorder),,
SNOMED,111287006,Tricuspid valve regurgitation (disorder),,
SNOMED,11441004,Prostatism (disorder),,
SNOMED,58759008,Intertrigo (disorder),,
SNOMED,91861009,Acute myeloid leukemia (disorder),,
SNOMED,37372002,Upper gastrointestinal hemorrhage (disorder),,
SNOMED,111489007,Breathing-related sleep disorder (disorder),,
SNOMED,398010007,Prosthetic arthroplasty of hip (procedure),,
SNOMED,67766009,Intestinal adhesions with obstruction (disorder),,
SNOMED,271860004,Abdominal mass (finding),,
SNOMED,195295006,Raynaud's disease (disorder),,
SNOMED,254956000,Pituitary adenoma (disorder),,
SNOMED,191883007,Episodic nondependent harmful pattern of use of alcohol (disorder),,
SNOMED,430959006,Paralytic syndrome of dominant side as late effect of stroke (disorder),,
SNOMED,445939008,Nonspecific syndrome suggestive of viral illness (finding),,
SNOMED,89748001,Acute gastric ulcer with hemorrhage (disorder),,
SNOMED,16596007,Esotropia (disorder),,
SNOMED,208394006,Closed fracture of metacarpal bone (disorder),,
SNOMED,76272004,Syphilis (disorder),,
SNOMED,32798002,Parkinsonism (disorder),,
SNOMED,77880009,Rectal pain (finding),,
SNOMED,51339003,Polysubstance dependence (disorder),,
SNOMED,95662005,Sensory neuropathy (disorder),,
SNOMED,274227007,Cut - accidental (disorder),,
SNOMED,372109003,Disorder of joint of spine (disorder),,
SNOMED,85920003,Constipation due to outlet obstruction (disorder),,
SNOMED,156370009,Psoriatic arthritis (disorder),,
SNOMED,86044005,Amyotrophic lateral sclerosis (disorder),,
SNOMED,65147003,Twin pregnancy (finding),,
SNOMED,91037003,Closed fracture of pelvis (disorder),,
SNOMED,409796004,Infection caused by antimicrobial resistant bacteria (disorder),,
SNOMED,186150001,Inflammation of intestine caused by Rotavirus (disorder),,
SNOMED,237279007,Transient hypertension of pregnancy (disorder),,
SNOMED,305647009,Seen by pediatrician (finding),,
SNOMED,709493000,Digestive system reflux (finding),,
SNOMED,73438004,Unemployed (finding),,
SNOMED,36924003,Closed fracture of metatarsal bone (disorder),,
SNOMED,102614006,Generalized abdominal pain (finding),,
SNOMED,265056007,Vaginal hysterectomy (procedure),,
SNOMED,82297005,Congestion of nasal sinus (disorder),,
SNOMED,285312008,Carcinoma of sigmoid colon (disorder),,
SNOMED,41381004,Pneumonia caused by Pseudomonas (disorder),,
SNOMED,444605001,Symptomatic sinus bradycardia (disorder),,
SNOMED,230745008,Hydrocephalus (disorder),,
SNOMED,275937001,Family history of malignant neoplasm (situation),,
SNOMED,80756009,Closed fracture of patella (disorder),,
SNOMED,39772007,Rectal polyp (disorder),,
SNOMED,1263935000,Drug resistance to anti-seizure medication (disorder),,
SNOMED,249607009,Large prostate (finding),,
SNOMED,762898005,Swelling of bilateral lower limbs (finding),,
SNOMED,399907009,Animal bite wound (disorder),,
SNOMED,410321003,"Wellness health education, guidance, and counseling (procedure)",,
SNOMED,6215006,Acute cholangitis (disorder),,
SNOMED,85919009,Disorder of intestine (disorder),,
SNOMED,196075003,Pleurisy (disorder),,
SNOMED,414205003,Family history of malignant neoplasm of prostate (situation),,
SNOMED,55382008,Cerebral atherosclerosis (disorder),,
SNOMED,12676007,Fracture of radius (disorder),,
SNOMED,1296925008,Insertion of stent (procedure),,
SNOMED,13091001,Dilation and curettage (procedure),,
SNOMED,196652006,Acute duodenal ulcer (disorder),,
SNOMED,7996008,Fetal intrauterine distress first noted during labor AND/OR delivery in liveborn infant (finding),,
SNOMED,190855004,Hypomagnesemia (disorder),,
SNOMED,14783006,Hyperbilirubinemia (disorder),,
SNOMED,312975006,Microalbuminuria (finding),,
SNOMED,41040004,Complete trisomy 21 syndrome (disorder),,
SNOMED,1156963006,Myelopathy due to cervical spondylosis (disorder),,
SNOMED,45595009,Laparoscopic cholecystectomy (procedure),,
SNOMED,225563000,Pressure injury of buttock (disorder),,
SNOMED,387801000,Cervical arthritis (disorder),,
SNOMED,168501001,Radiology result abnormal (finding),,
SNOMED,58390007,Allogeneic bone marrow transplantation (procedure),,
SNOMED,118442004,Drainage of abscess (procedure),,
SNOMED,398171003,Hearing examination (procedure),,
SNOMED,58797008,Disorder due to and following transplant of kidney (disorder),,
SNOMED,202725007,Lumbar post-laminectomy syndrome (disorder),,
SNOMED,195739001,Acute bronchiolitis caused by respiratory syncytial virus (disorder),,
SNOMED,2237002,Pleuritic pain (finding),,
SNOMED,274533004,Abnormal findings on diagnostic imaging of lung (finding),,
SNOMED,387643005,Partial hysterectomy (procedure),,
SNOMED,430947007,Paralytic syndrome of nondominant side as late effect of stroke (disorder),,
SNOMED,73632009,Laparoscopy (procedure),,
SNOMED,92065004,Benign neoplasm of colon (disorder),,
SNOMED,95279007,Submucous leiomyoma of uterus (disorder),,
SNOMED,1365934004,Failed attempted induction of labor (situation),,
SNOMED,27214003,Atonic postpartum hemorrhage (disorder),,
SNOMED,33603003,Complication of renal dialysis (disorder),,
SNOMED,783572008,Has special educational needs (finding),,
SNOMED,84857004,Herniation of nucleus pulposus (disorder),,
SNOMED,91637004,Myasthenia gravis (disorder),,
SNOMED,126952004,Neoplasm of brain (disorder),,
SNOMED,237836003,Short stature disorder (disorder),,
SNOMED,17467004,Hypertrophy of nasal turbinates (disorder),,
SNOMED,19471005,Lymphadenitis (disorder),,
SNOMED,126946000,Excessive cerumen in ear canal (disorder),,
SNOMED,409609008,Radiologic infiltrate of lung (disorder),,
SNOMED,443265004,Cognitive disorder (disorder),,
SNOMED,40425004,Postconcussion syndrome (disorder),,
SNOMED,95566004,Urolithiasis (disorder),,
SNOMED,28442001,Polyuria (finding),,
SNOMED,447072005,Herniation of rectum into vagina (disorder),,
SNOMED,7011001,Hallucinations (finding),,
SNOMED,70241007,Nutritional deficiency disorder (disorder),,
SNOMED,73583000,Elbow tendinopathy (disorder),,
SNOMED,274858002,Glucose tolerance test outside reference range (finding),,
SNOMED,372070002,Gangrenous disorder (disorder),,
SNOMED,65074000,Iritis (disorder),,
SNOMED,405944004,Asthmatic bronchitis (disorder),,
SNOMED,422014003,Disorder due to type 2 diabetes mellitus (disorder),,
SNOMED,78875003,Cortical senile cataract (disorder),,
SNOMED,54385001,Exanthema subitum (disorder),,
SNOMED,21409006,Enthesopathy of ankle AND/OR tarsus (disorder),,
SNOMED,65727000,Intrauterine pregnancy (finding),,
SNOMED,95280005,Subserous leiomyoma of uterus (disorder),,
SNOMED,372142002,Carcinoma of pancreas (disorder),,
SNOMED,399939002,Hirsutism (disorder),,
SNOMED,68272006,Acute maxillary sinusitis (disorder),,
SNOMED,240532009,Human papillomavirus infection (disorder),,
SNOMED,298165005,Inflammation of joint of hand (finding),,
SNOMED,372281005,Hypertrophy of breast (disorder),,
SNOMED,285636001,Cervical intraepithelial neoplasia (disorder),,
SNOMED,46973005,Blood pressure taking (procedure),,
SNOMED,84138006,Collapse of vertebra (disorder),,
SNOMED,5758002,Bacteremia (finding),,
SNOMED,10085004,Metatarsalgia (finding),,
SNOMED,64715009,Hypertensive heart disease (disorder),,
SNOMED,789758005,Strain of rotator cuff of shoulder (disorder),,
SNOMED,16506000,Mixed bipolar I disorder (disorder),,
SNOMED,271795006,Malaise and fatigue (finding),,
SNOMED,36440009,Failure to gain weight (finding),,
SNOMED,276433004,Insect bite - wound (disorder),,
SNOMED,72092001,Arteriosclerotic vascular disease (disorder),,
SNOMED,90199006,Transurethral prostatectomy (procedure),,
SNOMED,243789007,Administration of vaccine product containing only Hepatitis A virus antigen (procedure),,
SNOMED,90739004,Thyrotoxicosis (disorder),,
SNOMED,302233006,Stenosis of renal artery (disorder),,
SNOMED,422588002,Aspiration pneumonia (disorder),,
SNOMED,285432005,Carcinoma of cervix (disorder),,
SNOMED,189336000,Carcinoma in situ of breast (disorder),,
SNOMED,269175006,Beta thalassemia trait (disorder),,
SNOMED,713706002,Polyneuropathy due to type 2 diabetes mellitus (disorder),,
SNOMED,82661006,Abdominal pregnancy (disorder),,
SNOMED,361133006,Arteriosclerosis obliterans (disorder),,
SNOMED,52897009,Onychogryposis (disorder),,
SNOMED,31978002,Fracture of tibia (disorder),,
SNOMED,42942008,Compression fracture of vertebral column (disorder),,
SNOMED,58580000,Closed supracondylar fracture of humerus (disorder),,
SNOMED,8011004,Dysarthria (finding),,
SNOMED,237116001,Chocolate cyst of ovary (disorder),,
SNOMED,267340006,Maternal pyrexia in labor (disorder),,
SNOMED,268464009,Uses depot contraception (finding),,
SNOMED,95530000,Chronic gastric ulcer (disorder),,
SNOMED,240008008,Synovial cyst of knee (disorder),,
SNOMED,53891004,Lichen simplex chronicus (disorder),,
SNOMED,442348004,Inflamed seborrheic keratosis (disorder),,
SNOMED,58150001,Fracture of clavicle (disorder),,
SNOMED,228158008,Walking disability (finding),,
SNOMED,442520000,Inflammation of rotator cuff tendon (disorder),,
SNOMED,166160000,Prostate specific antigen outside reference range (finding),,
SNOMED,38394007,Chronic purulent otitis media (disorder),,
SNOMED,75100008,Abdominal abscess (disorder),,
SNOMED,14094001,Excessive vomiting in pregnancy (disorder),,
SNOMED,27059002,Postoperative hypothyroidism (disorder),,
SNOMED,254632001,Small cell carcinoma of lung (disorder),,
SNOMED,414285001,Allergy to food (finding),,
SNOMED,208430000,Closed fracture of one or more phalanges of hand (disorder),,
SNOMED,409797008,Infection caused by antimicrobial resistant fungi (disorder),,
SNOMED,409798003,Infection caused by antimicrobial resistant virus (disorder),,
SNOMED,7520000,Pyrexia of unknown origin (finding),,
SNOMED,190236006,Non-toxic nodular goiter (disorder),,
SNOMED,15346004,Familial hypoalphalipoproteinemia (disorder),,
SNOMED,275124003,Family history: Coronary thrombosis (situation),,
SNOMED,312974005,Preterm premature rupture of membranes (disorder),,
SNOMED,309089006,Prostate mass (finding),,
SNOMED,8357008,Reduced libido (finding),,
SNOMED,439888000,Abnormal cervical Papanicolaou smear (finding),,
SNOMED,239107007,Epidermal nevus (disorder),,
SNOMED,40733004,Infectious disease (disorder),,
SNOMED,433233004,Exercise stress echocardiography (procedure),,
SNOMED,8392000,Non-smoker (finding),,
SNOMED,5132005,Keratosis pilaris (disorder),,
SNOMED,52073004,Oligomenorrhea (finding),,
SNOMED,57044006,Cyst of Bartholin's gland duct (disorder),,
SNOMED,111484002,Undifferentiated schizophrenia (disorder),,
SNOMED,125643001,Open wound (disorder),,
SNOMED,171149006,Screening for malignant neoplasm of cervix (procedure),,
SNOMED,191480000,Alcohol withdrawal syndrome (disorder),,
SNOMED,33192001,Closed fracture of lower end of radius AND ulna (disorder),,
SNOMED,448834003,High density lipoprotein deficiency (disorder),,
SNOMED,165084003,Exercise tolerance test abnormal (finding),,
SNOMED,40701008,Echocardiography (procedure),,
SNOMED,55735004,Respiratory syncytial virus infection (disorder),,
SNOMED,70650003,Urinary bladder stone (disorder),,
SNOMED,1263692001,Fetal disorder due to multiple pregnancy (disorder),,
SNOMED,1263693006,Early neonatal disorder due to multiple pregnancy (disorder),,
SNOMED,173747005,Roux-en-Y gastrojejunostomy (procedure),,
SNOMED,217142006,Fall from chair or bed (event),,
SNOMED,197811007,Vesicoureteric reflux (disorder),,
SNOMED,312230002,Hyperhidrosis (disorder),,
SNOMED,400130008,Temporal arteritis (disorder),,
SNOMED,127062003,Erythrocytosis (disorder),,
SNOMED,2733002,Heel pain (finding),,
SNOMED,389145006,Allergic asthma (disorder),,
SNOMED,80423007,Spontaneous pneumothorax (disorder),,
SNOMED,87486003,Aphasia (finding),,
SNOMED,131148009,Bleeding (finding),,
SNOMED,19442009,Heterozygous thalassemia (disorder),,
SNOMED,26649005,Chronic ulcer of lower extremity (disorder),,
SNOMED,422088007,Disorder of nervous system due to diabetes mellitus (disorder),,
SNOMED,281666001,Family history of disorder (situation),,
SNOMED,95325000,Subcutaneous nodule (finding),,
SNOMED,127278005,Injury of upper extremity (disorder),,
SNOMED,286378009,Difficulty talking (finding),,
SNOMED,397073000,"Macrocytosis, red cells (finding)",,
SNOMED,40539002,Hypothyroidism following radioiodine therapy (disorder),,
SNOMED,239725005,Rupture of anterior cruciate ligament (disorder),,
SNOMED,236435004,End stage renal failure on dialysis (disorder),,
SNOMED,79298009,"Mild major depression, single episode (disorder)",,
SNOMED,12188008,Parainfluenza (disorder),,
SNOMED,266919005,Never smoked tobacco (finding),,
SNOMED,44882003,Balanitis (disorder),,
SNOMED,46689006,Hypertrophy of tonsils (disorder),,
SNOMED,44441009,Flexible fiberoptic sigmoidoscopy (procedure),,
SNOMED,1290960005,Plain X-ray of chest abnormal (finding),,
SNOMED,402624000,Lentiginosis (disorder),,
SNOMED,66308002,Fracture of humerus (disorder),,
SNOMED,312903003,Mild nonproliferative retinopathy due to diabetes mellitus (disorder),,
SNOMED,49601007,Disorder of cardiovascular system (disorder),,
SNOMED,44186003,Dyssomnia (disorder),,
SNOMED,7550008,Neonatal transitory tachypnea (disorder),,
SNOMED,5291005,Hypocalcemia (disorder),,
SNOMED,203639008,Idiopathic scoliosis (disorder),,
SNOMED,34068001,Replacement of heart valve (procedure),,
SNOMED,196731005,Gastroduodenitis (disorder),,
SNOMED,254634000,Squamous cell carcinoma of lung (disorder),,
SNOMED,48522003,Spinal cord disorder (disorder),,
SNOMED,9991008,Abdominal colic (finding),,
SNOMED,106009009,Fetal condition affecting obstetrical care of mother (disorder),,
SNOMED,15993004,Alveolar hypoventilation (finding),,
SNOMED,409089005,Febrile neutropenia (disorder),,
SNOMED,429372004,History of amputation of leg through tibia and fibula (situation),,
SNOMED,288161003,Orthopedic device application (procedure),,
SNOMED,300706003,Endogenous depression (disorder),,
SNOMED,301336003,Body weight problem (finding),,
SNOMED,3.1031E+13,Physical deconditioning (finding),,
SNOMED,4264000,Chronic pericoronitis (disorder),,
SNOMED,202472008,Pain of joint of hand (finding),,
SNOMED,31996006,Vasculitis (disorder),,
SNOMED,55146009,Inflammation of sacroiliac joint (finding),,
SNOMED,83330001,Patent ductus arteriosus (disorder),,
SNOMED,21794005,Radial styloid tenosynovitis (disorder),,
SNOMED,34268009,Closed fracture of lateral malleolus (disorder),,
SNOMED,35240004,Iron deficiency (disorder),,
SNOMED,236069009,Chronic constipation (disorder),,
SNOMED,129834002,Noncompliance with medication regimen (finding),,
SNOMED,23260002,Fibroadenosis of breast (disorder),,
SNOMED,268549006,Endocrine/metabolic screening (procedure),,
SNOMED,281598004,Sprain of spinal ligament (disorder),,
SNOMED,442733008,Hemiplegia as late effect of cerebrovascular accident (disorder),,
SNOMED,473162000,History of harvesting of stem cells for allotransplant (situation),,
SNOMED,287664005,Ligation of bilateral fallopian tubes (procedure),,
SNOMED,28475009,Severe recurrent major depression with psychotic features (disorder),,
SNOMED,77945009,Simple renal cyst (disorder),,
SNOMED,11654001,Achilles tendinitis (disorder),,
SNOMED,27503000,Gilbert's syndrome (disorder),,
SNOMED,202381003,Knee joint effusion (disorder),,
SNOMED,301715003,Left upper quadrant pain (finding),,
SNOMED,421468001,Disorder of nervous system due to type 1 diabetes mellitus (disorder),,
SNOMED,56576003,Panic disorder without agoraphobia (disorder),,
SNOMED,74506000,Bereavement (finding),,
SNOMED,408645001,Adenocarcinoma of large intestine (disorder),,
SNOMED,274540003,Feeding difficulties and mismanagement (finding),,
SNOMED,80515008,Large liver (disorder),,
SNOMED,19034001,Hyperparathyroidism due to renal insufficiency (disorder),,
SNOMED,79955004,Chronic cor pulmonale (disorder),,
SNOMED,83414005,Macrocytic anemia (disorder),,
SNOMED,816082000,Hypovolemia (finding),,
SNOMED,82313006,Suicide attempt (event),,
SNOMED,129679001,Computed tomography result abnormal (finding),,
SNOMED,161665007,History of renal transplant (situation),,
SNOMED,297217002,Rib pain (finding),,
SNOMED,409073007,Education (procedure),,
SNOMED,312609001,Puncture wound - injury (disorder),,
SNOMED,313182004,Chronic post-traumatic stress disorder (disorder),,
SNOMED,13213009,Congenital heart disease (disorder),,
SNOMED,30250000,Acute otitis externa (disorder),,
SNOMED,433068007,Aneurysm of thoracic aorta (disorder),,
SNOMED,95820000,Bilateral hearing loss (disorder),,
SNOMED,169255008,Ultrasound scan abnormal (finding),,
SNOMED,21351003,Fracture of phalanx of foot (disorder),,
SNOMED,22173004,Excessive fetal growth affecting management of mother (disorder),,
SNOMED,263172003,Fracture of mandible (disorder),,
SNOMED,58776007,Autologous bone marrow transplant (procedure),,
SNOMED,118937003,Disorder of lower limb (disorder),,
SNOMED,1336223005,Disorder due to radiotherapy (disorder),,
SNOMED,171221008,Heart disease screening (procedure),,
SNOMED,200676005,Cellulitis and abscess of buttock (disorder),,
SNOMED,363418001,Malignant neoplasm of pancreas (disorder),,
SNOMED,1237116009,Venous ulcer of lower limb (disorder),,
SNOMED,1237117000,Venous ulcer of lower leg (disorder),,
SNOMED,254750001,Fibrous histiocytoma of skin (disorder),,
SNOMED,399054005,Exotropia (disorder),,
SNOMED,263171005,Fractured nasal bones (disorder),,
SNOMED,271782001,Drowsy (finding),,
SNOMED,302941001,Nonunion of fracture (disorder),,
SNOMED,442212003,Residual cognitive deficit as late effect of cerebrovascular accident (disorder),,
SNOMED,22607003,Asbestosis (disorder),,
SNOMED,269485000,Benign neoplasm of breast (disorder),,
SNOMED,373168002,Reticulosarcoma (disorder),,
SNOMED,712883005,Autonomic neuropathy due to type 2 diabetes mellitus (disorder),,
SNOMED,397619005,Family planning education (procedure),,
SNOMED,444598000,Pretransplant evaluation of donor (procedure),,
SNOMED,16294009,Splenomegaly (disorder),,
SNOMED,26442006,Closed fracture of shaft of femur (disorder),,
SNOMED,33173003,Closed fracture of clavicle (disorder),,
SNOMED,734947007,Complex regional pain syndrome type I (disorder),,
SNOMED,19905009,Chronic prostatitis (disorder),,
SNOMED,363349007,Malignant neoplasm of stomach (disorder),,
SNOMED,37785001,Tendinitis of patellar tendon (disorder),,
SNOMED,49708008,Anemia of chronic renal failure (disorder),,
SNOMED,55342001,Neoplastic disease (disorder),,
SNOMED,79720007,Chronic nonalcoholic liver disease (disorder),,
SNOMED,275322007,Scar (disorder),,
SNOMED,385494008,Hematoma (disorder),,
SNOMED,55004003,Syndrome of inappropriate vasopressin secretion (disorder),,
SNOMED,185351004,Administrative reason for encounter (finding),,
SNOMED,235651006,Gastric erosion (disorder),,
SNOMED,95657009,Chronic mixed headache syndrome (disorder),,
SNOMED,24789006,Viral gastroenteritis caused by Norwalk-like agent (disorder),,
SNOMED,265764009,Renal dialysis (procedure),,
SNOMED,302918009,Disorder of stoma (disorder),,
SNOMED,77181006,Implantation of mitral valve prosthesis or synthetic device (procedure),,
SNOMED,8186001,Cardiomegaly (disorder),,
SNOMED,78868004,Chronic mucoid otitis media (disorder),,
SNOMED,266579006,Inflammatory disorder of breast (disorder),,
SNOMED,232345000,Non-infective non-allergic rhinitis (disorder),,
SNOMED,75591007,Fracture of fibula (disorder),,
SNOMED,156072005,Incomplete miscarriage (disorder),,
SNOMED,161816004,Vaginal irritation (finding),,
SNOMED,196341005,Periapical abscess (disorder),,
SNOMED,214206004,Motor vehicle on road in collision with pedestrian (event),,
SNOMED,302820008,Intracranial meningioma (disorder),,
SNOMED,37389005,Biliary colic (finding),,
SNOMED,127786006,Administration of vaccine product containing only Clostridium tetani antigen (procedure),,
SNOMED,128286008,Chronic duodenal ulcer (disorder),,
SNOMED,6141006,Retinal edema (disorder),,
SNOMED,74390002,Wolff-Parkinson-White pattern (disorder),,
SNOMED,414564002,Kyphosis deformity of spine (disorder),,
SNOMED,81418003,Nummular eczema (disorder),,
SNOMED,419642000,Carotid bruit (finding),,
SNOMED,47372000,Adjustment disorder with anxious mood (disorder),,
SNOMED,191627008,"Bipolar affective disorder, current episode depression (disorder)",,
SNOMED,2477008,Superficial thrombophlebitis (disorder),,
SNOMED,398254007,Pre-eclampsia (disorder),,
SNOMED,187769009,Primary carcinoma of liver (disorder),,
SNOMED,429024007,History of squamous cell carcinoma of skin (situation),,
SNOMED,428656009,History of laser assisted in situ keratomileusis (situation),,
SNOMED,82300000,Osteoarthritis of ankle and/or foot (disorder),,
SNOMED,79619009,Mitral valve stenosis (disorder),,
SNOMED,1335005,Induratio penis plastica (disorder),,
SNOMED,363449006,Malignant neoplasm of testis (disorder),,
SNOMED,89155008,Systemic sclerosis (disorder),,
SNOMED,109992005,Polycythemia vera (disorder),,
SNOMED,21186006,Chronic otitis media (disorder),,
SNOMED,415297005,Retinopathy of prematurity (disorder),,
SNOMED,75441006,Foreign body in ear (disorder),,
SNOMED,8004003,Teething syndrome (finding),,
SNOMED,1254812006,Substance dependence (disorder),,
SNOMED,21647008,Amphetamine dependence (disorder),,
SNOMED,263129009,Sprain of ligament of finger (disorder),,
SNOMED,263130004,Sprain of ligament of thumb (disorder),,
SNOMED,282095007,Allergic reaction caused by bee sting (disorder),,
SNOMED,441087007,Atypical squamous cells of undetermined significance on cervical Papanicolaou smear (finding),,
SNOMED,50485007,Low tension glaucoma (disorder),,
SNOMED,74627003,Complication due to diabetes mellitus (disorder),,
SNOMED,860792009,Pleural effusion due to malignant neoplastic disease (disorder),,
SNOMED,234348004,Anemia of renal disease (disorder),,
SNOMED,271789005,Dizziness and giddiness (finding),,
SNOMED,409663006,Cough variant asthma (disorder),,
SNOMED,1263637005,Fetal disorder due to pelvic size and disproportion during labor (disorder),,
SNOMED,1263638000,Fetal disorder due to pelvic size and disproportion during delivery (disorder),,
SNOMED,15574005,Fracture of foot (disorder),,
SNOMED,193590000,"Total, mature senile cataract (disorder)",,
SNOMED,278414003,Pain management (procedure),,
SNOMED,70036007,Haemophilus influenzae pneumonia (disorder),,
SNOMED,48500005,Delusional disorder (disorder),,
SNOMED,3577000,Retinal lattice degeneration (disorder),,
SNOMED,373945007,Pericardial effusion (disorder),,
SNOMED,433146000,Chronic kidney disease stage 5 (disorder),,
SNOMED,72352009,Bicuspid aortic valve (disorder),,
SNOMED,25093002,Disorder of eye due to diabetes mellitus (disorder),,
SNOMED,31712002,Primary biliary cholangitis (disorder),,
SNOMED,417076003,Dislocation of shoulder joint (disorder),,
SNOMED,93471006,Hemangioma of skin (disorder),,
SNOMED,402519009,Basal cell carcinoma of face (disorder),,
SNOMED,449717009,Cellulitis and abscess of upper limb (disorder),,
SNOMED,192071009,Mild memory disturbance (finding),,
SNOMED,25225006,Disease caused by Adenovirus (disorder),,
SNOMED,394888000,Hormone replacement therapy requested (situation),,
SNOMED,444071008,Exposure to organism (event),,
SNOMED,46109009,Subendocardial ischemia (disorder),,
SNOMED,56783008,Incision AND drainage (procedure),,
SNOMED,67438002,Poisoning caused by anticoagulant (disorder),,
SNOMED,274571007,Blind left eye (disorder),,
SNOMED,274572000,Blind right eye (disorder),,
SNOMED,128200000,Complex regional pain syndrome (disorder),,
SNOMED,232419008,Enlargement of tonsil or adenoid (disorder),,
SNOMED,427461000,Near syncope (disorder),,
SNOMED,69741000,Hidradenitis (disorder),,
SNOMED,91857003,"Acute lymphoid leukemia, disease (disorder)",,
SNOMED,171259000,Not up to date with immunizations (finding),,
SNOMED,237527007,Postablative hypothyroidism (disorder),,
SNOMED,23919004,Labyrinthitis (disorder),,
SNOMED,127014009,Peripheral angiopathy due to diabetes mellitus (disorder),,
SNOMED,230471006,Chronic tension-type headache (disorder),,
SNOMED,24496007,Hemorrhoidectomy (procedure),,
SNOMED,247081001,Posterior vitreous detachment (disorder),,
SNOMED,118797008,Procedure on heart (procedure),,
SNOMED,1264181009,Fetal disorder caused by maternal analgesia transmitted via placenta (disorder),,
SNOMED,1264184001,Early neonatal disorder caused by maternal analgesia transmitted via placenta during labor (disorder),,
SNOMED,1264186004,Early neonatal disorder caused by maternal anesthesia transmitted via placenta during labor (disorder),,
SNOMED,1264187008,Fetal disorder caused by maternal anesthesia transmitted via placenta (disorder),,
SNOMED,276883000,Peritoneal dialysis-associated peritonitis (disorder),,
SNOMED,425934009,Cardioverter defibrillator procedure (procedure),,
SNOMED,42188001,Closed fracture of ankle (disorder),,
SNOMED,60380001,Narcolepsy (disorder),,
SNOMED,82525005,Congenital cystic kidney disease (disorder),,
SNOMED,399490008,Adenocarcinoma of prostate (disorder),,
SNOMED,425940002,Inflammation of bursa of olecranon (disorder),,
SNOMED,722866000,Metabolic dysfunction-associated steatotic liver (disorder),,
SNOMED,28926001,Eruption caused by drug (disorder),,
SNOMED,31658008,Chronic paranoid schizophrenia (disorder),,
SNOMED,36202009,Fracture of tooth (disorder),,
SNOMED,59455009,Metabolic acidosis (disorder),,
SNOMED,15241006,Disorder of autonomic nervous system (disorder),,
SNOMED,35265002,Mallory-Weiss syndrome (disorder),,
SNOMED,401191002,Diabetic foot examination (regime/therapy),,
SNOMED,3.8731E+13,Chronic primary bladder pain syndrome (disorder),,
SNOMED,407675009,Focal onset impaired awareness epileptic seizure (finding),,
SNOMED,41309000,Alcoholic liver damage (disorder),,
SNOMED,68225006,Alopecia areata (disorder),,
SNOMED,79280005,Hypersomnia with sleep apnea (disorder),,
SNOMED,60332004,Trichiasis (disorder),,
SNOMED,197983000,Orchitis and epididymitis (disorder),,
SNOMED,266607004,Perimenopausal disorder (disorder),,
SNOMED,26947005,Open wound of lower limb (disorder),,
SNOMED,282752000,Injury of eye region (disorder),,
SNOMED,298162008,Inflammation of shoulder joint (finding),,
SNOMED,106004004,Hemorrhagic complication of pregnancy (disorder),,
SNOMED,234646005,Graft-versus-host disease (disorder),,
SNOMED,268375009,Mantoux: negative (finding),,
SNOMED,387731002,Excision of lamina of vertebra (procedure),,
SNOMED,14448006,Swallowed foreign body (disorder),,
SNOMED,199616008,Large-for-dates fetus (disorder),,
SNOMED,307593001,Carcinomatosis (disorder),,
SNOMED,46177005,End-stage renal disease (disorder),,
SNOMED,108022006,Kidney excision (procedure),,
SNOMED,122480009,Hallux valgus (disorder),,
SNOMED,87065009,Dystrophia unguium (disorder),,
SNOMED,95668009,Pain in face (finding),,
SNOMED,15662003,Senile dementia (disorder),,
SNOMED,190389009,Type II diabetes mellitus with ulcer (disorder),,
SNOMED,445273005,Harmful pattern of use of multiple substances (disorder),,
SNOMED,5888003,Keratitis (disorder),,
SNOMED,108241001,Dialysis procedure (procedure),,
SNOMED,13370002,Plantar fascial fibromatosis (disorder),,
SNOMED,160377001,Family history: Asthma (situation),,
SNOMED,372048000,Pregnancy with abnormal glucose tolerance test (finding),,
SNOMED,425671009,Neurogenic bowel (disorder),,
SNOMED,102876002,Multigravida (finding),,
SNOMED,116224001,Complication of procedure (disorder),,
SNOMED,160656007,Willing to be donor of kidney (finding),,
SNOMED,32911000,Homeless (finding),,
SNOMED,444808002,Benign localized hyperplasia of prostate (disorder),,
SNOMED,75543006,Cerebral embolism (disorder),,
SNOMED,89469000,Chronic duodenal ulcer with hemorrhage (disorder),,
SNOMED,4776004,Lichen planus (disorder),,
SNOMED,56925008,Abnormal sexual function (finding),,
SNOMED,7180009,Meningitis (disorder),,
SNOMED,93143009,"Leukemia, disease (disorder)",,
SNOMED,239961006,Bursitis of shoulder (disorder),,
SNOMED,36485005,Restrictive lung disease (disorder),,
SNOMED,60728008,Swollen abdomen (finding),,
SNOMED,102616008,Painful mouth (finding),,
SNOMED,24596005,Venous retinal branch occlusion (disorder),,
SNOMED,31928004,Abscess of skin and/or subcutaneous tissue (disorder),,
SNOMED,53059001,Replacement of mitral valve (procedure),,
SNOMED,73152006,Administration of vaccine product containing only Clostridium tetani and Corynebacterium diphtheriae antigens (procedure),,
SNOMED,81256000,Anomaly of tooth position (disorder),,
SNOMED,128350005,Bacterial conjunctivitis (disorder),,
SNOMED,20021007,Displacement of lumbar intervertebral disc without myelopathy (disorder),,
SNOMED,363412000,Malignant neoplasm of ascending colon (disorder),,
SNOMED,413467001,Aftercare (regime/therapy),,
SNOMED,407560009,At increased risk of sexually transmitted infection (finding),,
SNOMED,443493003,Metastatic malignant melanoma (disorder),,
SNOMED,16269008,Neuralgia (finding),,
SNOMED,53277000,Vulvovaginitis (disorder),,
SNOMED,19242006,Pulmonary edema (disorder),,
SNOMED,392288006,Primary angle-closure glaucoma (disorder),,
SNOMED,63102001,Visual disturbance (disorder),,
SNOMED,20022000,Hemiparesis (disorder),,
SNOMED,268054009,Osteoarthritis of multiple joints (disorder),,
SNOMED,371082009,Arthritis of spine (disorder),,
SNOMED,44801007,Contusion of hip (disorder),,
SNOMED,198288003,Anxiety state (finding),,
SNOMED,46662001,Examination of breast (procedure),,
SNOMED,186194007,"Tuberculosis of lung, confirmed by culture only (disorder)",,
SNOMED,281305005,Unwanted fertility (finding),,
SNOMED,371084005,Partially edentulous mandible (disorder),,
SNOMED,72779005,Anorectal fistula (disorder),,
SNOMED,128473001,Uveitis (disorder),,
SNOMED,203476003,Avascular necrosis of head of femur (disorder),,
SNOMED,225553008,Wound dehiscence (disorder),,
SNOMED,77493009,Fracture of pelvis (disorder),,
SNOMED,21801002,Menopausal symptom (finding),,
SNOMED,191811004,Continuous chronic alcoholism (disorder),,
SNOMED,191833002,Cocaine dependence in remission (disorder),,
SNOMED,195353004,Granulomatosis with polyangiitis (disorder),,
SNOMED,225323000,Smoking cessation education (procedure),,
SNOMED,282749008,Head and neck injury (disorder),,
SNOMED,429998004,Vascular dementia (disorder),,
SNOMED,76441001,"Severe major depression, single episode, without psychotic features (disorder)",,
SNOMED,27342004,Anemia of pregnancy (disorder),,
SNOMED,302912005,Vocal cord palsy (disorder),,
SNOMED,399269003,Arthropathy (disorder),,
SNOMED,128608001,Aneurysm of cerebral artery (disorder),,
SNOMED,161512007,History of pulmonary embolus (situation),,
SNOMED,186659004,Herpangina (disorder),,
SNOMED,276177000,Thyroid eye disease (disorder),,
SNOMED,417373000,Inflammatory polyarthropathy (disorder),,
SNOMED,425810000,Mass of pancreas (finding),,
SNOMED,42984000,Night sweats (finding),,
SNOMED,48661000,Peritonitis (disorder),,
SNOMED,61170000,Stomatitis (disorder),,
SNOMED,161635002,History of asbestos exposure (situation),,
SNOMED,255024002,Nevus of choroid (disorder),,
SNOMED,60189009,Vitreous degeneration (disorder),,
SNOMED,102500002,Good neonatal condition at birth (finding),,
SNOMED,248596009,Sputum - symptom (finding),,
SNOMED,385752006,Infusion care education (procedure),,
SNOMED,68478007,Central retinal vein occlusion (disorder),,
SNOMED,9468002,Closed fracture of carpal bone (disorder),,
SNOMED,126949007,Acoustic neuroma (disorder),,
SNOMED,25501002,Social phobia (disorder),,
SNOMED,46621007,Atelectasis (disorder),,
SNOMED,54302000,Discharge from nipple (disorder),,
SNOMED,202856007,Biceps tendinitis (disorder),,
SNOMED,254666005,Keratosis (disorder),,
SNOMED,30242009,Scarlet fever (disorder),,
SNOMED,431309003,Acute urinary tract infection (disorder),,
SNOMED,64531003,Nasal discharge (finding),,
SNOMED,786496006,Idiopathic detrusor overactivity (disorder),,
SNOMED,80068009,Swelling of limb (finding),,
SNOMED,1231734007,Excision of breast (procedure),,
SNOMED,2910007,Discharge from penis (finding),,
SNOMED,37739004,Mood disorder due to a general medical condition (disorder),,
SNOMED,93199007,Malignant lymphoma of extranodal AND/OR solid organ site (disorder),,
SNOMED,191831000,"Cocaine dependence, continuous (disorder)",,
SNOMED,22754005,Staphylococcal pneumonia (disorder),,
SNOMED,304831001,Chronic intracranial subdural hematoma (disorder),,
SNOMED,426867001,Anorectal disorder (disorder),,
SNOMED,447899008,Sepsis caused by Escherichia coli (disorder),,
SNOMED,57246001,Chronic gastric ulcer with hemorrhage (disorder),,
SNOMED,78622004,Galactorrhea not associated with childbirth (disorder),,
SNOMED,191265009,Anemia in neoplastic disease (disorder),,
SNOMED,209565008,Lumbar sprain (disorder),,
SNOMED,298169004,Inflammation of joint of hip (finding),,
SNOMED,29827000,Excision of bilateral fallopian tubes and ovaries (procedure),,
SNOMED,3199001,Sprain of shoulder (disorder),,
SNOMED,3289004,Anisometropia (disorder),,
SNOMED,48835001,Esophagogastric fundoplasty (procedure),,
SNOMED,1023001,Apnea (finding),,
SNOMED,194990000,"Tricuspid incompetence, non-rheumatic (disorder)",,
SNOMED,229733002,Expressive language disorder (disorder),,
SNOMED,236071009,Chronic diarrhea (disorder),,
SNOMED,285836003,Cervical intraepithelial neoplasia grade 1 (disorder),,
SNOMED,399014008,Administration of vaccine product containing only Bordetella pertussis and Clostridium tetani and Corynebacterium diphtheriae antigens (procedure),,
SNOMED,66108005,"Primary degenerative dementia of the Alzheimer type, senile onset, uncomplicated (disorder)",,
SNOMED,75732000,Vitrectomy (procedure),,
SNOMED,186738001,Epidemic vertigo (disorder),,
SNOMED,250423000,Pregnancy test positive (finding),,
SNOMED,443820000,Disorder of kidney and/or ureter (disorder),,
SNOMED,48340000,Incontinence (finding),,
SNOMED,73244003,Closed fracture of surgical neck of humerus (disorder),,
SNOMED,75375008,Inflammation of intestine caused by bacteria (disorder),,
SNOMED,25415003,Closed fracture of femur (disorder),,
SNOMED,85007004,Meralgia paresthetica (disorder),,
SNOMED,171222001,Hypertension screening (procedure),,
SNOMED,60656008,Corneal transplant (procedure),,
SNOMED,91514001,Corneal ulcer (disorder),,
SNOMED,125670008,Foreign body (disorder),,
SNOMED,166717003,Serum creatinine above reference range (finding),,
SNOMED,174776001,Total splenectomy (procedure),,
SNOMED,302227002,Ecchymosis (finding),,
SNOMED,35607004,Panic disorder with agoraphobia (disorder),,
SNOMED,86765009,Mild intellectual disability (disorder),,
SNOMED,19527009,Single episode of major depression in full remission (disorder),,
SNOMED,249625002,Feces contents abnormal (finding),,
SNOMED,386138005,Stented coronary artery (finding),,
SNOMED,41582007,Streptococcal tonsillitis (disorder),,
SNOMED,444638005,Screening for malignant neoplasm of skin (procedure),,
SNOMED,55929007,Feeling irritable (finding),,
SNOMED,119423009,Benign teratoma of ovary (disorder),,
SNOMED,162042000,Abdominal wall pain (finding),,
SNOMED,187727005,Malignant neoplasm of lower third of esophagus (disorder),,
SNOMED,197441003,Primary sclerosing cholangitis (disorder),,
SNOMED,363510005,Malignant neoplasm of large intestine (disorder),,
SNOMED,373083005,Malignant neoplasm of upper outer quadrant of breast (disorder),,
SNOMED,386333005,Infant care (regime/therapy),,
SNOMED,6234006,Second degree perineal laceration (disorder),,
SNOMED,838283002,Cellulitis and abscess of hand (disorder),,
SNOMED,128210009,Thoracic outlet syndrome (disorder),,
SNOMED,207957008,Closed fracture lumbar vertebra (disorder),,
SNOMED,312399001,Thyroid function tests abnormal (finding),,
SNOMED,64665009,Closed fracture of calcaneus (disorder),,
SNOMED,78004001,Bulimia nervosa (disorder),,
SNOMED,8098009,Sexually transmitted infectious disease (disorder),,
SNOMED,127279002,Injury of lower limb (disorder),,
SNOMED,23513009,Herpesvirus infection (disorder),,
SNOMED,23968004,Excision of colon (procedure),,
SNOMED,274137005,Lumbar disc lesion (disorder),,
SNOMED,426931009,Administration of prophylactic antibiotic for subacute bacterial endocarditis (procedure),,
SNOMED,81302005,Worried well (finding),,
SNOMED,15033003,Peritonsillar abscess (disorder),,
SNOMED,165746003,RhD negative (finding),,
SNOMED,19620000,Rhegmatogenous retinal detachment (disorder),,
SNOMED,21117005,Conjunctival hemorrhage (disorder),,
SNOMED,26237000,Ankle edema (finding),,
SNOMED,27405005,Central sleep apnea syndrome (disorder),,
SNOMED,274625009,Delayed milestone (finding),,
SNOMED,78420004,Inflammation of intestine caused by virus (disorder),,
SNOMED,82576008,Retained foreign body in eye (disorder),,
SNOMED,161505003,History of heart failure (situation),,
SNOMED,191268006,Chronic anemia (disorder),,
SNOMED,197268000,Acute and subacute liver necrosis (disorder),,
SNOMED,23374007,Atypical absence seizure (finding),,
SNOMED,249166003,Failure to progress in second stage of labor (finding),,
SNOMED,300980002,Normocytic anemia (disorder),,
SNOMED,275104002,Family history of stroke (situation),,
SNOMED,363429002,Malignant neoplasm of larynx (disorder),,
SNOMED,190905008,Cystic fibrosis (disorder),,
SNOMED,238751002,Perioral dermatitis (disorder),,
SNOMED,416956002,Undifferentiated inflammatory polyarthritis (disorder),,
SNOMED,42636007,Closed fracture of upper end of humerus (disorder),,
SNOMED,4800001,Pyuria (finding),,
SNOMED,57920007,Herpetic gingivostomatitis (disorder),,
SNOMED,398036000,Familial hypercholesterolemia (disorder),,
SNOMED,426033005,Dysphagia as a late effect of cerebrovascular accident (disorder),,
SNOMED,429025008,History of calculus of kidney (situation),,
SNOMED,4473006,Migraine with aura (disorder),,
SNOMED,49765009,Hyperpigmentation of skin (disorder),,
SNOMED,50438001,Peripheral vertigo (disorder),,
SNOMED,92384009,Benign neoplasm of skin (disorder),,
SNOMED,278862001,Acute low back pain (finding),,
SNOMED,429430001,Diverticulosis of sigmoid colon (finding),,
SNOMED,157176002,Fracture of bone of face (disorder),,
SNOMED,177184002,Normal delivery procedure (procedure),,
SNOMED,183651009,Chemotherapy follow-up (procedure),,
SNOMED,189484008,Neoplasm of uncertain behavior of brain and/or spinal cord (disorder),,
SNOMED,200645004,Cellulitis and abscess of face (disorder),,
SNOMED,218130004,"Accident caused by hot liquid and vapor, including steam (event)",,
SNOMED,263152008,Fracture of multiple bones of face (disorder),,
SNOMED,429255009,History of papillary adenocarcinoma of thyroid (situation),,
SNOMED,431109006,Carrier of vancomycin resistant enterococcus (finding),,
SNOMED,442073005,Infection caused by methicillin susceptible Staphylococcus aureus (disorder),,
SNOMED,442246002,Disorder of joint of ankle and/or foot (disorder),,
SNOMED,5902003,"History and physical examination, complete (procedure)",,
SNOMED,772143002,Obstructed left inguinal hernia (disorder),,
SNOMED,772144008,Obstructed right inguinal hernia (disorder),,
SNOMED,165850001,Anti-nuclear factor detected (finding),,
SNOMED,5602001,Harmful pattern of use of opioid (disorder),,
SNOMED,65636009,Keratoconus (disorder),,
SNOMED,67801009,Tenosynovitis (disorder),,
SNOMED,79604008,Disorder of breast (disorder),,
SNOMED,85502002,Bilateral inguinal hernia (disorder),,
SNOMED,17709002,Bleeding esophageal varices (disorder),,
SNOMED,268552003,Hyperlipidemia screening (procedure),,
SNOMED,3548001,Brachial plexus disorder (disorder),,
SNOMED,415077006,History of primary malignant neoplasm of bronchus (situation),,
SNOMED,1264374006,Laceration of tendon of hand (disorder),,
SNOMED,26681001,Endometriosis of pelvis (disorder),,
SNOMED,68168001,Marital counseling (procedure),,
SNOMED,92359006,Benign neoplasm of skin of face (disorder),,
SNOMED,277357006,Sputum retention (finding),,
SNOMED,289572007,No liquor observed vaginally (finding),,
SNOMED,310496002,Moderate depression (disorder),,
SNOMED,419603000,Epidermoid cyst of skin (disorder),,
SNOMED,714812005,Induced termination of pregnancy (procedure),,
SNOMED,56882008,Anorexia nervosa (disorder),,
SNOMED,18941000,Oppositional defiant disorder (disorder),,
SNOMED,23900009,Closed fracture of upper end of tibia (disorder),,
SNOMED,36209000,Chloasma (disorder),,
SNOMED,44865000,Secondary polycythemia (disorder),,
SNOMED,88312006,Amputation of lower limb through tibia and fibula (procedure),,
SNOMED,89461002,Primary cardiomyopathy (disorder),,
SNOMED,92818009,Chronic myeloid leukemia (disorder),,
SNOMED,15802004,Dystonia (disorder),,
SNOMED,229721007,Speech delay (disorder),,
SNOMED,48210000,Lumbosacral spondylosis without myelopathy (disorder),,
SNOMED,71620000,Fracture of femur (disorder),,
SNOMED,1354670009,Monoparesis of upper limb (disorder),,
SNOMED,300332007,Liver mass (finding),,
SNOMED,413877007,Closed fracture of tibia AND fibula (disorder),,
SNOMED,4506002,Educational problem (finding),,
SNOMED,59566000,Oligohydramnios (disorder),,
SNOMED,67315001,Osteoarthritis of shoulder region (disorder),,
SNOMED,81000006,Pediculosis capitis (disorder),,
SNOMED,187723009,Malignant neoplasm of thoracic esophagus (disorder),,
SNOMED,206200000,Cephalhematoma due to birth trauma (disorder),,
SNOMED,82971005,Impaired mobility (finding),,
SNOMED,10050004,Contusion of chest (disorder),,
SNOMED,24526004,Inflammatory bowel disease (disorder),,
SNOMED,81576005,Closed fracture of phalanx of foot (disorder),,
SNOMED,15013002,Vitreous floaters (disorder),,
SNOMED,237067000,Chronic pain in female pelvis (finding),,
SNOMED,28432003,Abscess of breast (disorder),,
SNOMED,766834007,Posterior capsule opacification following extraction of cataract (disorder),,
SNOMED,95655001,Ophthalmic migraine (disorder),,
SNOMED,263251009,Metatarsal bone fracture (disorder),,
SNOMED,393563007,Glioblastoma multiforme (disorder),,
SNOMED,410091003,Ostomy care education (procedure),,
SNOMED,86466006,Rheumatic mitral stenosis (disorder),,
SNOMED,87132004,Opioid withdrawal syndrome (disorder),,
SNOMED,89538001,Gastritis caused by Helicobacter (disorder),,
SNOMED,16356006,Multiple pregnancy (finding),,
SNOMED,186182003,Tuberculosis of pleura (disorder),,
SNOMED,189445003,Light-for-dates without fetal malnutrition (disorder),,
SNOMED,195662009,Acute viral pharyngitis (disorder),,
SNOMED,397549002,Meibomian gland dysfunction (disorder),,
SNOMED,5050001,Senile angioma (disorder),,
SNOMED,64117007,Vitamin B12 deficiency (non anemic) (disorder),,
SNOMED,70747007,"Major depression single episode, in partial remission (disorder)",,
SNOMED,76795007,Acute type B viral hepatitis (disorder),,
SNOMED,89138009,Cardiogenic shock (disorder),,
SNOMED,270492004,First degree atrioventricular block (disorder),,
SNOMED,72047008,Juvenile osteochondrosis of tibial tubercle (disorder),,
SNOMED,81639003,Closed fracture of nasal bones (disorder),,
SNOMED,204878001,Undescended testicle (disorder),,
SNOMED,363505006,Malignant neoplasm of internal part of mouth (disorder),,
SNOMED,95690009,Retinal tear (disorder),,
SNOMED,196125002,Diffuse interstitial pulmonary fibrosis (disorder),,
SNOMED,36969009,Placement of stent in coronary artery (procedure),,
SNOMED,53084003,Bacterial pneumonia (disorder),,
SNOMED,70936005,"Multi-infarct dementia, uncomplicated (disorder)",,
SNOMED,91669008,Perirectal abscess (disorder),,
SNOMED,202664003,Cervical myelopathy (disorder),,
SNOMED,285838002,Cervical intraepithelial neoplasia grade 2 (disorder),,
SNOMED,302838006,Dermal cellular nevus (disorder),,
SNOMED,363350007,Malignant neoplasm of cecum (disorder),,
SNOMED,443487006,Mantle cell lymphoma (disorder),,
SNOMED,703630003,Red eye (finding),,
SNOMED,175905003,Total nephrectomy (procedure),,
SNOMED,195190007,Cerebral infarction due to embolism of cerebral arteries (disorder),,
SNOMED,22125009,Panniculitis (disorder),,
SNOMED,247471006,Maculopapular eruption (disorder),,
SNOMED,300956001,Low back strain (disorder),,
SNOMED,310387003,Intracapillary glomerulosclerosis of kidney due to diabetes mellitus (disorder),,
SNOMED,407669000,Magnetic resonance imaging of brain abnormal (finding),,
SNOMED,408643008,Infiltrating duct carcinoma of breast (disorder),,
SNOMED,425983008,Autologous peripheral blood stem cell transplant (procedure),,
SNOMED,441704009,Affective psychosis (disorder),,
SNOMED,5148006,Hypertensive heart disease with congestive heart failure (disorder),,
SNOMED,713514005,Muscle weakness of limb (finding),,
SNOMED,782594005,Allergy to soy protein (finding),,
SNOMED,860918004,Erectile dysfunction due to psychophysiologic disorder (disorder),,
SNOMED,24010005,Aphakia (disorder),,
SNOMED,53286005,Medial epicondylitis of elbow joint (disorder),,
SNOMED,11437003,Contusion of back (disorder),,
SNOMED,3545003,Diastolic dysfunction (finding),,
SNOMED,415081006,History of primary malignant neoplasm of kidney (situation),,
SNOMED,89105000,Asteatosis cutis (disorder),,
SNOMED,94579000,Metastatic malignant neoplasm to skin (disorder),,
SNOMED,102947004,High risk sexual behavior (finding),,
SNOMED,161622006,History of lower limb amputation (situation),,
SNOMED,262525000,Chest injury (disorder),,
SNOMED,275334004,Shoulder strain (disorder),,
SNOMED,312912001,Macular edema due to diabetes mellitus (disorder),,
SNOMED,432504007,Cerebral infarction (disorder),,
SNOMED,4969004,Sinus headache (finding),,
SNOMED,49883006,Candidiasis of skin (disorder),,
SNOMED,1705000,Closed fracture of base of neck of femur (disorder),,
SNOMED,249945007,Monoparesis of lower limb (disorder),,
SNOMED,267374005,Toxic diffuse goiter (disorder),,
SNOMED,274120003,Thyroid disease in pregnancy (disorder),,
SNOMED,28845006,Acute appendicitis with generalized peritonitis (disorder),,
SNOMED,31085000,Rheumatic mitral regurgitation (disorder),,
SNOMED,35222003,Chronic neurogenic ulcer of lower limb (disorder),,
SNOMED,425957003,Non-traumatic intracerebral ventricular hemorrhage (disorder),,
SNOMED,60689008,Home care of patient (regime/therapy),,
SNOMED,78895009,Congenital pneumonia (disorder),,
SNOMED,200938002,Discoid lupus erythematosus (disorder),,
SNOMED,64779008,Blood coagulation disorder (disorder),,
SNOMED,19133005,Neurofibromatosis syndrome (disorder),,
SNOMED,22066006,Strabismus (disorder),,
SNOMED,11538006,Quadriplegia (disorder),,
SNOMED,108365000,Infection of skin (disorder),,
SNOMED,191839003,Cannabis dependence in remission (disorder),,
SNOMED,200652002,Cellulitis of face (disorder),,
SNOMED,21698002,Open fracture of phalanx of finger (disorder),,
SNOMED,371036001,Postsurgical menopause (disorder),,
SNOMED,372138000,Carcinoma of esophagus (disorder),,
SNOMED,397932003,Talipes equinovarus (disorder),,
SNOMED,1.45501E+14,Metastatic malignant neoplasm to breast (disorder),,
SNOMED,201040000,Callosity (disorder),,
SNOMED,202490009,Pain of joint of ankle (finding),,
SNOMED,20376005,Benign neoplastic disease (disorder),,
SNOMED,240131006,Rhabdomyolysis (disorder),,
SNOMED,36813001,Placenta previa (disorder),,
SNOMED,384642005,Mitral valvuloplasty (procedure),,
SNOMED,418285008,Percutaneous transluminal angioplasty of blood vessel using imaging guidance with contrast (procedure),,
SNOMED,43364001,Abdominal discomfort (finding),,
SNOMED,441574008,Atherosclerosis of artery (disorder),,
SNOMED,445009001,Azotemia (disorder),,
SNOMED,62438007,Transplantation of pancreas (procedure),,
SNOMED,1148567001,Poisoning caused by sedative (disorder),,
SNOMED,1157257000,Poisoning by hypnotic agent (disorder),,
SNOMED,64479007,Pneumonia caused by Klebsiella pneumoniae (disorder),,
SNOMED,109994006,Essential thrombocythemia (disorder),,
SNOMED,233916004,Heart block (disorder),,
SNOMED,281599007,Sprain of ligament of lower limb (disorder),,
SNOMED,300004007,Screening for osteoporosis (procedure),,
SNOMED,397758007,Avascular necrosis of bone (disorder),,
SNOMED,234349007,Microcytic anemia (disorder),,
SNOMED,34043003,Dental consultation and report (procedure),,
SNOMED,426656000,Severe persistent asthma (disorder),,
SNOMED,433234005,Hyperplasia of prostate (disorder),,
SNOMED,46742003,Skin ulcer (disorder),,
SNOMED,60423000,Sinus node dysfunction (disorder),,
SNOMED,75857000,Fracture of radius AND ulna (disorder),,
SNOMED,87414006,Reactive depression (situational) (disorder),,
SNOMED,111551000,Testicular hypofunction (disorder),,
SNOMED,232209000,Nasal obstruction (disorder),,
SNOMED,232721002,Coronary artery bypass grafts x 3 (procedure),,
SNOMED,284532000,Myringotomy and insertion of tympanic ventilation tube (procedure),,
SNOMED,92380000,Benign neoplasm of skin of trunk (disorder),,
SNOMED,200655000,Cellulitis and abscess of trunk (disorder),,
SNOMED,24662006,Influenza caused by Influenza B virus (disorder),,
SNOMED,271825005,Respiratory distress (finding),,
SNOMED,293331003,Anticoagulant adverse reaction (disorder),,
SNOMED,310243009,Nutritional assessment (procedure),,
SNOMED,87199005,Lead screening (procedure),,
SNOMED,95192000,Nodular lymphoma of lymph nodes of multiple sites (disorder),,
SNOMED,39621005,Disorder of gallbladder (disorder),,
SNOMED,236407003,Immunoglobulin A nephropathy (disorder),,
SNOMED,398740003,Colostomy (procedure),,
SNOMED,429484003,History of malignant neoplasm of cervix (situation),,
SNOMED,6077001,Foot-drop (finding),,
SNOMED,76783007,Chronic hepatitis (disorder),,
SNOMED,166318006,Blood chemistry outside reference range (finding),,
SNOMED,173977007,Creation of ileostomy (procedure),,
SNOMED,367391008,Malaise (finding),,
SNOMED,3696007,Nonulcer dyspepsia (disorder),,
SNOMED,45261009,Viral conjunctivitis (disorder),,
SNOMED,55260003,Calcaneal spur (finding),,
SNOMED,59848001,Obstructive hyperbilirubinemia (disorder),,
SNOMED,200936003,Lupus erythematosus (disorder),,
SNOMED,231824001,Benign neoplasm of eyelid (disorder),,
SNOMED,274172008,Laceration of finger (disorder),,
SNOMED,312904009,Moderate nonproliferative retinopathy due to diabetes mellitus (disorder),,
SNOMED,363419009,Malignant neoplasm of head of pancreas (disorder),,
SNOMED,37605006,Senile osteopenia (disorder),,
SNOMED,408335007,Autoimmune hepatitis (disorder),,
SNOMED,431855005,Chronic kidney disease stage 1 (disorder),,
SNOMED,444620007,Male urinary stress incontinence (finding),,
SNOMED,169696001,Rubella status not known (finding),,
SNOMED,271757001,Papular eruption (disorder),,
SNOMED,276610007,Low birth weight infant (disorder),,
SNOMED,386230005,Case management (procedure),,
SNOMED,94805002,Neoplasm of uncertain behavior of soft tissues (disorder),,
SNOMED,266434009,Esophageal dysmotility (disorder),,
SNOMED,28293008,Hereditary factor VIII deficiency disease (disorder),,
SNOMED,423590009,Clostridium difficile colitis (disorder),,
SNOMED,85057007,Cyst of liver (disorder),,
SNOMED,109983007,Monoclonal gammopathy (disorder),,
SNOMED,128123007,Disorder of peripheral autonomic nervous system (disorder),,
SNOMED,134209002,Prolactinoma (disorder),,
SNOMED,1855002,Developmental academic disorder (disorder),,
SNOMED,237785004,Hypoadrenalism (disorder),,
SNOMED,32022003,Degenerative progressive high myopia (disorder),,
SNOMED,43982006,Solar degeneration (disorder),,
SNOMED,786457000,Overactive urinary bladder (disorder),,
SNOMED,786460007,Detrusor overactivity (disorder),,
SNOMED,118608000,"Hodgkin's disease, nodular sclerosis (disorder)",,
SNOMED,160357008,Family history: Hypertension (situation),,
SNOMED,169826009,Single live birth from singleton pregnancy (finding),,
SNOMED,263196008,Fracture of radial head (disorder),,
SNOMED,276613009,High birth weight (disorder),,
SNOMED,385904005,Removal of ear wax (procedure),,
SNOMED,66951008,Carotid endarterectomy (procedure),,
SNOMED,70218004,Displacement of intervertebral disc without myelopathy (disorder),,
SNOMED,76844004,Local infection of wound (disorder),,
SNOMED,79586000,Tubal pregnancy (disorder),,
SNOMED,105969002,Disorder of connective tissue (disorder),,
SNOMED,1197062001,Perinatal fetal and/or neonatal disorder due to placenta previa (disorder),,
SNOMED,241748001,Poisoning caused by analgesic drug (disorder),,
SNOMED,270498000,Fetal malposition and malpresentation (disorder),,
SNOMED,318316003,Vernal conjunctivitis (disorder),,
SNOMED,410290005,"Family planning education, guidance, and counseling (procedure)",,
SNOMED,51036000,Acute appendicitis with peritoneal abscess (disorder),,
SNOMED,6836001,Injury of brachial plexus (disorder),,
SNOMED,386789004,Eosinophil count above reference range (finding),,
SNOMED,416010008,Hypospadias (disorder),,
SNOMED,432119003,Aneurysm (disorder),,
SNOMED,62837005,Cellulitis of hand (disorder),,
SNOMED,697898008,Idiopathic pulmonary arterial hypertension (disorder),,
SNOMED,1263416007,Removal of intrauterine contraceptive device (procedure),,
SNOMED,193000002,Temporal lobe epilepsy (disorder),,
SNOMED,20018005,Occlusion of ureter (disorder),,
SNOMED,278516003,Lobar pneumonia (disorder),,
SNOMED,39871006,Chronic respiratory failure (disorder),,
SNOMED,425333006,Myeloproliferative disorder (disorder),,
SNOMED,54823002,Subclinical hypothyroidism (disorder),,
SNOMED,56689002,Crohn's disease of small intestine (disorder),,
SNOMED,91856007,Acute lymphoid leukemia in remission (disorder),,
SNOMED,92564006,Carcinoma in situ of uterine cervix (disorder),,
SNOMED,44558001,Repair of inguinal hernia (procedure),,
SNOMED,160617001,Stopped smoking (finding),,
SNOMED,204272007,Preauricular fistula (disorder),,
SNOMED,2.18951E+14,Bilateral visual impairment (disorder),,
SNOMED,421365002,Peripheral circulatory disorder due to type 1 diabetes mellitus (disorder),,
SNOMED,45828008,"Anemia in mother complicating pregnancy, childbirth AND/OR puerperium (disorder)",,
SNOMED,46113002,Hypertensive heart failure (disorder),,
SNOMED,61774002,Repair of rotator cuff by suture (procedure),,
SNOMED,86553008,Immunosuppressive therapy (procedure),,
SNOMED,30588004,Ischemic colitis (disorder),,
SNOMED,13277001,Cystic acne (disorder),,
SNOMED,30085007,Morton's metatarsalgia (disorder),,
SNOMED,399072004,Obstruction of neck of urinary bladder (disorder),,
SNOMED,60667009,Closed fracture of rib (disorder),,
SNOMED,125604000,Injury of foot (disorder),,
SNOMED,16041008,Female hypogonadism syndrome (disorder),,
SNOMED,196746003,Persistent vomiting (disorder),,
SNOMED,23388006,Visual field scotoma (finding),,
SNOMED,239874001,Osteoarthritis of ankle (disorder),,
SNOMED,301022003,Ulcer of heel (disorder),,
SNOMED,34789001,Pain in coccyx (finding),,
SNOMED,36427004,Intervertebral disc disorder (disorder),,
SNOMED,396230008,Dermatomyositis (disorder),,
SNOMED,418763003,Periodic limb movement disorder (disorder),,
SNOMED,44219007,Pseudoexfoliation of lens capsule (disorder),,
SNOMED,447395005,Closed fracture of fibula (disorder),,
SNOMED,202942009,Ganglion of wrist (disorder),,
SNOMED,279992002,Recurrent falls (finding),,
SNOMED,423810002,Tendinitis of wrist (disorder),,
SNOMED,56890008,Victim of sexual aggression (finding),,
SNOMED,66383009,Gingivitis (disorder),,
SNOMED,68815009,Systemic lupus erythematosus glomerulonephritis syndrome (disorder),,
SNOMED,71833008,Crohn's disease of small and large intestines (disorder),,
SNOMED,787001,Rheumatic mitral stenosis with regurgitation (disorder),,
SNOMED,80659006,Disorder of skin and/or subcutaneous tissue (disorder),,
SNOMED,103276001,Decreased hearing (finding),,
SNOMED,22890008,Augmentation mammoplasty (procedure),,
SNOMED,231855007,Seasonal allergic conjunctivitis (disorder),,
SNOMED,28701003,Low maternal weight gain (finding),,
SNOMED,311806008,Osteoporotic collapse of cervical vertebra (disorder),,
SNOMED,424131007,Easy bruising (finding),,
SNOMED,427399008,Drug-induced disorder of liver (disorder),,
SNOMED,428007007,Erectile dysfunction due to type 2 diabetes mellitus (disorder),,
SNOMED,55554002,Suicide attempt by inadequate means (event),,
SNOMED,61281005,Bloodstained sputum (finding),,
SNOMED,62667002,Congenital deviation of nasal septum (disorder),,
SNOMED,6471006,Suicidal thoughts (finding),,
SNOMED,65001009,Recurrent pyogenic cholangitis (disorder),,
SNOMED,193031009,Cluster headache syndrome (disorder),,
SNOMED,25899002,Closed bimalleolar fracture (disorder),,
SNOMED,410502007,Juvenile idiopathic arthritis (disorder),,
SNOMED,71908006,Ventricular fibrillation (disorder),,
SNOMED,127024001,Neoplasm of pituitary gland (disorder),,
SNOMED,17450006,Myoclonus (finding),,
SNOMED,18040001,Senile osteoporosis (disorder),,
SNOMED,225561003,Pressure injury of heel (disorder),,
SNOMED,28944009,Infection caused by Cytomegalovirus (disorder),,
SNOMED,3228009,Closed fracture of shaft of radius (disorder),,
SNOMED,363732003,Addison's disease (disorder),,
SNOMED,40108008,Thalassemia (disorder),,
SNOMED,418304008,Diastolic heart failure (disorder),,
SNOMED,77090002,Bullous pemphigoid (disorder),,
SNOMED,90235006,Closed fracture of shaft of humerus (disorder),,
SNOMED,10849003,Removal of foreign body (procedure),,
SNOMED,238107002,Deficiency of macronutrients (disorder),,
SNOMED,254938000,Astrocytoma of brain (disorder),,
SNOMED,268236002,Congenital stenosis of neck of urinary bladder (disorder),,
SNOMED,27916005,Abscess of liver (disorder),,
SNOMED,419503008,Hyperhomocysteinemia (disorder),,
SNOMED,73749009,Neonatal jaundice associated with preterm delivery (finding),,
SNOMED,7620006,Crohn's disease of large bowel (disorder),,
SNOMED,78809005,Gastric polyp (disorder),,
SNOMED,82598004,Secondary hypothyroidism (disorder),,
SNOMED,1255279007,Open fracture of multiple phalanges of finger (disorder),,
SNOMED,194856005,Subsequent myocardial infarction (disorder),,
SNOMED,249134008,Bloodstained liquor (finding),,
SNOMED,28079008,Multiparous (finding),,
SNOMED,298222004,Active range of joint movement reduced (finding),,
SNOMED,78975002,Malignant essential hypertension (disorder),,
SNOMED,90470006,Prostatectomy (procedure),,
SNOMED,3238004,Pericarditis (disorder),,
SNOMED,56267009,Multi-infarct dementia (disorder),,
SNOMED,171223006,Ischemic heart disease screening (procedure),,
SNOMED,23719005,Transplantation of bone marrow (procedure),,
SNOMED,237783006,Mass of adrenal gland (finding),,
SNOMED,298854003,Shoulder joint unstable (finding),,
SNOMED,3951002,Proctitis (disorder),,
SNOMED,48387007,Incision of trachea (procedure),,
SNOMED,70466008,Bruit (finding),,
SNOMED,76976005,Optic atrophy (disorder),,
SNOMED,87860000,Mass of testicle (finding),,
SNOMED,10380004,Crushing injury of finger (disorder),,
SNOMED,126851005,Neoplasm of liver (disorder),,
SNOMED,14893008,Burn of hand (disorder),,
SNOMED,26629001,Short bowel syndrome (disorder),,
SNOMED,425007008,"Migraine without aura, not refractory (disorder)",,
SNOMED,428061005,Malignant neoplasm of brain (disorder),,
SNOMED,52247003,Repair of aortic valve with tissue graft (procedure),,
SNOMED,73105000,Pes anserinus bursitis (disorder),,
SNOMED,8493009,Chronic gastritis (disorder),,
SNOMED,92308005,Benign neoplasm of prostate (disorder),,
SNOMED,1335871007,Early neonatal jaundice due to galactosemia (disorder),,
SNOMED,188189001,"Malignant neoplasm of corpus uteri, excluding isthmus (disorder)",,
SNOMED,408418009,Upper airway resistance syndrome (disorder),,
SNOMED,428905002,Malignant neoplasm of gastrointestinal tract (disorder),,
SNOMED,53627009,Closed fracture of radius AND ulna (disorder),,
SNOMED,58188004,Traumatic arthropathy (disorder),,
SNOMED,767678008,Recurrent left inguinal hernia (disorder),,
SNOMED,767679000,Recurrent right inguinal hernia (disorder),,
SNOMED,95723009,Subcapsular cataract (disorder),,
SNOMED,302933001,Tear of lateral meniscus of knee (disorder),,
SNOMED,363668000,Cholesteatoma (disorder),,
SNOMED,40956001,Guillain-Barré syndrome (disorder),,
SNOMED,56218007,Systolic hypertension (disorder),,
SNOMED,81902001,Sprain of medial collateral ligament of knee (disorder),,
SNOMED,1279848007,Detachment of retina with break of retina (disorder),,
SNOMED,247803002,Seasonal affective disorder (disorder),,
SNOMED,267981009,Pain in thoracic spine (finding),,
SNOMED,300007000,Screening for cardiovascular system disease (procedure),,
SNOMED,312442005,History of atrial fibrillation (situation),,
SNOMED,42262007,Prosthetic total arthroplasty of shoulder joint (procedure),,
SNOMED,895454001,Lichen sclerosus (disorder),,
SNOMED,1371409000,Preterm infant less than 37 completed weeks gestation (finding),,
SNOMED,232722009,Coronary artery bypass grafts x 4 (procedure),,
SNOMED,300984006,Skin ulcer of calf (disorder),,
SNOMED,309086004,Paresthesia of hand (finding),,
SNOMED,67678004,Acute atopic conjunctivitis (disorder),,
SNOMED,773296007,Paronychia due to ingrown nail (disorder),,
SNOMED,103739003,"History and physical examination, occupation (procedure)",,
SNOMED,125651003,Open wound of wrist (disorder),,
SNOMED,248110007,Sexual assault (event),,
SNOMED,248228001,Funny turn (finding),,
SNOMED,281050002,Livebirth (finding),,
SNOMED,44651004,Contraceptive use education (procedure),,
SNOMED,50049003,Urostomy management and care (regime/therapy),,
SNOMED,71286001,Spinal cord compression (disorder),,
SNOMED,71651007,Mammography (procedure),,
SNOMED,76376003,Endometriosis of uterus (disorder),,
SNOMED,786919007,Sexually assaultive behavior (finding),,
SNOMED,87795007,"Complete transurethral resection of prostate, including control of postoperative bleeding (procedure)",,
SNOMED,26889001,Myositis (disorder),,
SNOMED,28998008,Retinal hemorrhage (disorder),,
SNOMED,42345000,Polyneuropathy (disorder),,
SNOMED,193995004,Acquired nasolacrimal duct stenosis (disorder),,
SNOMED,234947003,Tooth disorder (disorder),,
SNOMED,274407009,Intrauterine device check (procedure),,
SNOMED,371973000,Malignant neoplasm of uterus (disorder),,
SNOMED,402599005,Acanthosis nigricans (disorder),,
SNOMED,414293001,Fracture of tibia AND fibula (disorder),,
SNOMED,416189003,Exostosis (disorder),,
SNOMED,59935001,Functional heart murmur (finding),,
SNOMED,78623009,Endometritis (disorder),,
SNOMED,94022001,Primary malignant neoplasm of skin of face (disorder),,
SNOMED,12026006,Paroxysmal tachycardia (disorder),,
SNOMED,195847009,Polyp of vocal cord or larynx (disorder),,
SNOMED,202487003,Pain of sacroiliac joint (finding),,
SNOMED,210456000,Open wound of anterior abdominal wall (disorder),,
SNOMED,24369008,Pulmonary sarcoidosis (disorder),,
SNOMED,417237009,Blister of skin AND/OR mucosa (disorder),,
SNOMED,48334007,Congenital dislocation of hip (disorder),,
SNOMED,70637004,Cellulitis of toe (disorder),,
SNOMED,94264008,Metastatic malignant neoplasm to soft tissues (disorder),,
SNOMED,111516008,Blurring of visual image (finding),,
SNOMED,1263727005,Fetal disorder due to oligohydramnios (disorder),,
SNOMED,17140000,Neonatal jaundice due to delayed conjugation (finding),,
SNOMED,182832007,Procedure related to management of drug administration (procedure),,
SNOMED,18735004,Congenital omphalocele (disorder),,
SNOMED,191920007,Nondependent harmful pattern of use of cocaine in remission (disorder),,
SNOMED,198903000,Hemorrhage due to placenta previa (disorder),,
SNOMED,236974004,Instrumental delivery (procedure),,
SNOMED,312110005,Gallbladder and bile duct calculi (disorder),,
SNOMED,31992008,Secondary hypertension (disorder),,
SNOMED,371073003,Postural orthostatic tachycardia syndrome (disorder),,
SNOMED,430395005,Pneumonia caused by Gram negative bacteria (disorder),,
SNOMED,445140006,Periodic leg movements of sleep (finding),,
SNOMED,193982009,Epiphora (disorder),,
SNOMED,306058006,Aplastic anemia (disorder),,
SNOMED,11816003,Diet education (procedure),,
SNOMED,125594001,Injury of shoulder region (disorder),,
SNOMED,1296758008,Arginine vasopressin-related polyuria (disorder),,
SNOMED,194112008,Esotropia with accommodative compensation (disorder),,
SNOMED,235872006,Hepatitis C carrier (finding),,
SNOMED,285375003,Pain in penis (finding),,
SNOMED,370247008,Facial laceration (disorder),,
SNOMED,371405004,Disorder of eye proper (disorder),,
SNOMED,43295006,Closed fracture of humerus (disorder),,
SNOMED,64156001,Thrombophlebitis (disorder),,
SNOMED,85102008,Cerebellar ataxia (disorder),,
SNOMED,87715008,Xerostomia (finding),,
SNOMED,95855003,Traumatic amputation of finger (disorder),,
SNOMED,171413000,Health examination of sub-group (procedure),,
SNOMED,188462001,Metastatic malignant neoplasm to brain and spinal cord (disorder),,
SNOMED,237557003,Mass of thyroid gland (finding),,
SNOMED,25953003,Colostomy management and care (regime/therapy),,
SNOMED,267020005,History of tubal ligation (situation),,
SNOMED,392021009,Lumpectomy of breast (procedure),,
SNOMED,392291006,Angle-closure glaucoma (disorder),,
SNOMED,427752004,Excision of lamina of lumbar vertebra for decompression of spinal cord (procedure),,
SNOMED,428882003,History of cholecystectomy (situation),,
SNOMED,78648007,At increased risk for infection (finding),,
SNOMED,1275615004,Break of retina (disorder),,
SNOMED,171258008,Up-to-date with immunizations (finding),,
SNOMED,209827006,Concussion with less than 1 hour loss of consciousness (disorder),,
SNOMED,252425004,Cardiac electrophysiology (procedure),,
SNOMED,313299006,Severe chronic obstructive pulmonary disease (disorder),,
SNOMED,35025007,Manual pelvic examination (procedure),,
SNOMED,425359009,Blunt injury (disorder),,
SNOMED,443786003,Injury while engaged in sports activity (disorder),,
SNOMED,445982009,Endoscopy and biopsy of upper gastrointestinal tract (procedure),,
SNOMED,58612006,Acute myocardial infarction of lateral wall (disorder),,
SNOMED,78456001,Normal menstrual cycle (finding),,
SNOMED,85672005,Anterior horn cell disease (disorder),,
SNOMED,90958004,Thrombosis of arteries of lower extremity (disorder),,
SNOMED,90446007,Pruritus ani (disorder),,
SNOMED,32390006,Panhypopituitarism (disorder),,
SNOMED,397923000,Somatization disorder (disorder),,
SNOMED,50448004,Fracture of vertebral column (disorder),,
SNOMED,5158005,Gilles de la Tourette's syndrome (disorder),,
SNOMED,771113001,Sodium retention (disorder),,
SNOMED,771115008,Hypernatremia (disorder),,
SNOMED,102447009,Postmenopausal osteoporosis (disorder),,
SNOMED,165468009,Erythrocyte sedimentation rate above reference range (finding),,
SNOMED,289474006,Lesion of vulva (disorder),,
SNOMED,317006,Reactive hypoglycemia (disorder),,
SNOMED,36857002,Onychia of finger (disorder),,
SNOMED,439740005,Postoperative follow-up visit (procedure),,
SNOMED,46970008,Pneumonia caused by Mycoplasma pneumoniae (disorder),,
SNOMED,48606007,Drug resistance to insulin (disorder),,
SNOMED,60600009,Disorder of the larynx (disorder),,
SNOMED,63144007,Inflammation of vulva (disorder),,
SNOMED,66381006,Adjustment disorder with mixed disturbance of emotions AND conduct (disorder),,
SNOMED,74728003,Hypopituitarism (disorder),,
SNOMED,81817003,Atherosclerosis of aorta (disorder),,
SNOMED,1255014000,"Combined substance dependence, excluding opioids (disorder)",,
SNOMED,125661005,Open wound of lower leg (disorder),,
SNOMED,191519005,Dementia associated with another disease (disorder),,
SNOMED,209548004,Sprain of ligament of lumbosacral joint (disorder),,
SNOMED,240542006,Anogenital warts (disorder),,
SNOMED,254679001,Milia (disorder),,
SNOMED,263247007,Fracture of calcaneus (disorder),,
SNOMED,274769005,Albuminuria (finding),,
SNOMED,279043006,Pain in buttock (finding),,
SNOMED,398102009,Acute poliomyelitis (disorder),,
SNOMED,416462003,Wound (disorder),,
SNOMED,420868002,Disorder due to type 1 diabetes mellitus (disorder),,
SNOMED,94455000,Metastatic malignant neoplasm to ovary (disorder),,
SNOMED,118681009,Procedure on endocrine system (procedure),,
SNOMED,161558008,History of vasectomy (situation),,
SNOMED,161587009,History of head injury (situation),,
SNOMED,197377009,Gallbladder calculus with acute cholecystitis and no obstruction (disorder),,
SNOMED,218016007,Accidents caused by cutting and piercing instruments or objects (event),,
SNOMED,265250008,Reduction plasty of bilateral breasts (procedure),,
SNOMED,278073009,Unsatisfactory cardiotochogram tracing (finding),,
SNOMED,297279009,Steroid therapy (procedure),,
SNOMED,300950007,Infected hand (disorder),,
SNOMED,309464009,Elbow fracture (disorder),,
SNOMED,399872003,Severe nonproliferative retinopathy with clinically significant macular edema due to diabetes mellitus (disorder),,
SNOMED,423279000,Refractory migraine without aura (disorder),,
SNOMED,424225000,Cardiovascular stress test using the dobutamine stress test protocol (procedure),,
SNOMED,6893006,First stage of labor (finding),,
SNOMED,74227009,Apraxic aphonia (disorder),,
SNOMED,76069003,Disorder of bone (disorder),,
SNOMED,45564002,Achalasia of esophagus (disorder),,
SNOMED,11092001,Sinus tachycardia (finding),,
SNOMED,111293003,Venous thrombosis (disorder),,
SNOMED,1145402008,Congenital macrocephaly (disorder),,
SNOMED,1145403003,Macrocephaly (finding),,
SNOMED,30753002,Normal pressure hydrocephalus (disorder),,
SNOMED,6962006,Hypertensive retinopathy (disorder),,
SNOMED,10528009,Lupus vulgaris (disorder),,
SNOMED,209987007,Traumatic subdural intracranial hemorrhage (disorder),,
SNOMED,31574009,Systolic murmur (finding),,
SNOMED,32230006,Malabsorption syndrome (disorder),,
SNOMED,6118003,Demyelinating disease of central nervous system (disorder),,
SNOMED,66760008,Optic neuritis (disorder),,
SNOMED,66944004,Autoimmune thyroiditis (disorder),,
SNOMED,1003488007,Angle closure glaucoma suspect (disorder),,
SNOMED,1354826003,Unequal length of lower limbs (disorder),,
SNOMED,201835007,"Localized, primary osteoarthritis of the pelvic region and thigh (disorder)",,
SNOMED,230782004,Dysequilibrium syndrome (disorder),,
SNOMED,232006002,Macular hole (disorder),,
SNOMED,247479008,Telangiectasia disorder (disorder),,
SNOMED,27151001,Post-laminectomy syndrome (disorder),,
SNOMED,274751001,Mass of head and/or neck (finding),,
SNOMED,28012007,Closed fracture of shaft of tibia (disorder),,
SNOMED,30058000,Therapeutic drug monitoring assay (regime/therapy),,
SNOMED,30281009,Disorder of prostate (disorder),,
SNOMED,385093006,Community acquired pneumonia (disorder),,
SNOMED,397828008,Median neuropathy (disorder),,
SNOMED,67624004,Abscess of Bartholin's gland (disorder),,
SNOMED,67782005,Acute respiratory distress syndrome (disorder),,
SNOMED,71303008,Atypical facial pain (finding),,
SNOMED,91860005,Acute myeloid leukemia in remission (disorder),,
SNOMED,92051001,Benign neoplasm of brain meninges (disorder),,
SNOMED,106002000,Disorder associated with menstruation AND/OR menopause (disorder),,
SNOMED,109841003,Liver cell carcinoma (disorder),,
SNOMED,1179762006,Malignant neoplasm of middle lobe of right lung (disorder),,
SNOMED,126662008,Redness of throat (finding),,
SNOMED,186195008,"Tuberculosis of lung, confirmed histologically (disorder)",,
SNOMED,18665000,Acute gastric mucosal erosion (disorder),,
SNOMED,187865009,Malignant neoplasm of middle lobe bronchus (disorder),,
SNOMED,200630006,Cellulitis and abscess of finger (disorder),,
SNOMED,219235009,Assault by striking by blunt or thrown object (event),,
SNOMED,236973005,Delivery procedure (procedure),,
SNOMED,309087008,Paresthesia of foot (finding),,
SNOMED,312850006,History of disorder (situation),,
SNOMED,402134005,Onychomycosis caused by dermatophyte (disorder),,
SNOMED,430933008,Gravid uterus size for dates discrepancy (finding),,
SNOMED,248342006,Underweight (finding),,
SNOMED,30556007,Recurrent dislocation of shoulder region (disorder),,
SNOMED,62909004,Ectropion of eyelid (disorder),,
SNOMED,125603006,Injury of ankle (disorder),,
SNOMED,1376001,Obsessive compulsive personality disorder (disorder),,
SNOMED,194240006,Acute non-suppurative serous otitis media (disorder),,
SNOMED,245867000,Acquired spondylolysis (disorder),,
SNOMED,248539004,Family problems (finding),,
SNOMED,271569006,Communicating hydrocephalus (disorder),,
SNOMED,302343007,Insertion of prosthesis for breast (procedure),,
SNOMED,3855007,Disorder of pancreas (disorder),,
SNOMED,400179000,Precocious puberty (disorder),,
SNOMED,68052005,Pulmonary aspiration (finding),,
SNOMED,91613004,Contusion of elbow (disorder),,
SNOMED,102549009,Cramp in lower leg associated with rest (finding),,
SNOMED,1345006001,Counseling about parenting skills (procedure),,
SNOMED,1345008000,Counseling about caretaking skills (procedure),,
SNOMED,228588007,Parenting skills training (procedure),,
SNOMED,236650000,Chronic retention of urine (disorder),,
SNOMED,247369005,Pain of zygapophyseal joint (finding),,
SNOMED,29399001,Elderly primigravida (finding),,
SNOMED,301766008,Lesion of brain (disorder),,
SNOMED,31258000,Cyst of pancreas (disorder),,
SNOMED,363409003,Malignant neoplasm of descending colon (disorder),,
SNOMED,384761000,Caretaking skills training (procedure),,
SNOMED,405748007,Already on aspirin (finding),,
SNOMED,50325005,Alcoholic fatty liver (disorder),,
SNOMED,52324001,Mediastinal lymphadenopathy (disorder),,
SNOMED,55525008,Paralytic ileus (disorder),,
SNOMED,66631006,Moderate depressed bipolar I disorder (disorder),,
SNOMED,84677008,Burn of lower limb (disorder),,
SNOMED,91478007,Secondary hyperparathyroidism (disorder),,
SNOMED,110005000,"Acute myelomonocytic leukemia, FAB M4 (disorder)",,
SNOMED,123843001,Neoplasm of ovary (disorder),,
SNOMED,1287477004,Melanocytic nevus of region of face (disorder),,
SNOMED,1287478009,Melanocytic nevus of skin of face (disorder),,
SNOMED,173984004,Attention to ileostomy (procedure),,
SNOMED,22268004,Legal problem (finding),,
SNOMED,237037006,Acute pelvic inflammatory disease (disorder),,
SNOMED,249220002,Vaginal tear resulting from childbirth (disorder),,
SNOMED,302171008,Adjust hearing aid settings (procedure),,
SNOMED,401206008,At increased risk for deliberate self harm (finding),,
SNOMED,401314000,Acute non-ST segment elevation myocardial infarction (disorder),,
SNOMED,429350001,Arthropathy of spinal facet joint (disorder),,
SNOMED,429672007,Mood disorder caused by drug (disorder),,
SNOMED,67696008,Rheumatic tricuspid valve regurgitation (disorder),,
SNOMED,77994009,Primary localized osteoarthrosis of pelvic region (disorder),,
SNOMED,78031003,Rheumatic aortic regurgitation (disorder),,
SNOMED,81075000,Pleural effusion associated with pulmonary infection (disorder),,
SNOMED,94260004,Metastatic malignant neoplasm to colon (disorder),,
SNOMED,1148757008,Microcephaly (finding),,
SNOMED,1148758003,Congenital microcephaly (disorder),,
SNOMED,32861005,Erythema nodosum (disorder),,
SNOMED,49710005,Sinus bradycardia (disorder),,
SNOMED,58703003,Postpartum depression (disorder),,
SNOMED,123799005,Renovascular hypertension (disorder),,
SNOMED,13290008,Aneurysm of iliac artery (disorder),,
SNOMED,162053006,Suprapubic pain (finding),,
SNOMED,201637001,Chondrocalcinosis caused by pyrophosphate crystals (disorder),,
SNOMED,300954003,Pain in calf (finding),,
SNOMED,302690004,Encopresis (finding),,
SNOMED,42818005,Closed fracture of scaphoid bone (disorder),,
SNOMED,430984009,Closed fracture of facial bone (disorder),,
SNOMED,64902007,Closed fracture of olecranon process of ulna (disorder),,
SNOMED,72310004,Circumcision (procedure),,
SNOMED,26665006,Antisocial personality disorder (disorder),,
SNOMED,307091009,Factor V Leiden mutation (disorder),,
SNOMED,421750000,Ketoacidosis due to type 2 diabetes mellitus (disorder),,
SNOMED,429673002,Arteriosclerosis of coronary artery bypass graft (disorder),,
SNOMED,45781009,Peripheral nerve entrapment syndrome (disorder),,
SNOMED,64634000,Corneal opacity (disorder),,
SNOMED,765330003,Autosomal dominant polycystic kidney disease (disorder),,
SNOMED,191812006,Episodic chronic alcoholism (disorder),,
SNOMED,194983005,"Aortic incompetence, non-rheumatic (disorder)",,
SNOMED,208242007,"Closed fracture proximal humerus, greater tuberosity (disorder)",,
SNOMED,236645006,Obstruction of urinary bladder outflow (disorder),,
SNOMED,254559002,Carcinoma of pyloric antrum (disorder),,
SNOMED,263167007,Blow out fracture of orbit (disorder),,
SNOMED,274166008,Scalp laceration (disorder),,
SNOMED,276654001,Congenital malformation (disorder),,
SNOMED,33261009,Abscess of tonsil (disorder),,
SNOMED,38598009,Administration of vaccine product containing only Measles morbillivirus and Mumps orthorubulavirus and Rubella virus antigens (procedure),,
SNOMED,395704004,Left ventricular diastolic dysfunction (disorder),,
SNOMED,396333008,Non-articular rheumatism (disorder),,
SNOMED,403892001,Squamous cell carcinoma of skin of face (disorder),,
SNOMED,418290006,Itching (finding),,
SNOMED,425963007,Aneurysm of ascending aorta (disorder),,
SNOMED,445512009,Calcification of coronary artery (disorder),,
SNOMED,446314003,Laceration of nail bed of finger (disorder),,
SNOMED,75971007,Choroidal retinal neovascularization (disorder),,
SNOMED,767657005,Anemia due to and following chemotherapy (disorder),,
SNOMED,88580009,Anal polyp (disorder),,
SNOMED,95581005,Bilateral hydronephrosis (disorder),,
SNOMED,129588001,Adult failure to thrive syndrome (disorder),,
SNOMED,39579001,Anaphylaxis (disorder),,
SNOMED,7163005,Urinary tract obstruction (disorder),,
SNOMED,88032003,Amaurosis fugax (disorder),,
SNOMED,13529000,Nasal septoplasty (procedure),,
SNOMED,367475009,Lesion of ulnar nerve (disorder),,
SNOMED,391982004,Congenital pectus excavatum (disorder),,
SNOMED,428941002,History of malignant neoplasm of uterine body (situation),,
SNOMED,73795002,Acute myocardial infarction of inferior wall (disorder),,
SNOMED,79411002,Acute prostatitis (disorder),,
SNOMED,91943004,Pain of temporomandibular joint (finding),,
SNOMED,92824003,Neurofibromatosis type 1 (disorder),,
SNOMED,105485001,Family tension (finding),,
SNOMED,128609009,Intracranial aneurysm (disorder),,
SNOMED,190447002,Steroid-induced diabetes (disorder),,
SNOMED,221695002,Bursitis of calcaneal tendon bursa (disorder),,
SNOMED,238575004,Allergic contact dermatitis (disorder),,
SNOMED,2556008,Periodontal disease (disorder),,
SNOMED,262555007,Human bite - wound (disorder),,
SNOMED,266361008,Non-allergic asthma (disorder),,
SNOMED,30811009,Ulcer of esophagus (disorder),,
SNOMED,36948007,Fasciitis (disorder),,
SNOMED,371132002,Hiatal hernia with gastroesophageal reflux (disorder),,
SNOMED,38217004,Cellulitis of upper arm (disorder),,
SNOMED,417163006,Traumatic or non-traumatic injury (disorder),,
SNOMED,428251008,History of appendectomy (situation),,
SNOMED,442439008,Atherosclerosis of bypass graft of limb (disorder),,
SNOMED,700250006,Idiopathic pulmonary fibrosis (disorder),,
SNOMED,95361005,Inflammatory disease of mucous membrane (disorder),,
SNOMED,166818002,Lipids outside reference range (finding),,
SNOMED,193039006,Complicated migraine (disorder),,
SNOMED,196682000,Acute peptic ulcer (disorder),,
SNOMED,209947002,Closed traumatic subdural intracranial hemorrhage (disorder),,
SNOMED,231751005,Exchange of intraocular lens (procedure),,
SNOMED,236557008,Peritoneal dialysis catheter exit site infection (disorder),,
SNOMED,26025008,Residual schizophrenia (disorder),,
SNOMED,263229001,Subtrochanteric fracture of femur (disorder),,
SNOMED,32858009,Hemolytic disease of fetus OR newborn due to ABO immunization (disorder),,
SNOMED,40541001,Acute pulmonary edema (disorder),,
SNOMED,42101009,Penetrating keratoplasty (procedure),,
SNOMED,42157000,Closed fracture of vertebral column (disorder),,
SNOMED,443230004,Myeloid metaplasia (disorder),,
SNOMED,444783004,Screening colonoscopy (procedure),,
SNOMED,445008009,Ganglion cyst (disorder),,
SNOMED,50043002,Disorder of respiratory system (disorder),,
SNOMED,55408009,Senile entropion (disorder),,
SNOMED,789537001,Oral contraceptive prescribed (situation),,
SNOMED,93980002,Primary malignant neoplasm of rectosigmoid junction (disorder),,
SNOMED,125614009,Closed traumatic dislocation of glenohumeral joint (disorder),,
SNOMED,423778009,Tenosynovitis of hand (disorder),,
SNOMED,123536004,Sprain of ligament of upper limb (disorder),,
SNOMED,190507007,Primary hyperaldosteronism (disorder),,
SNOMED,191983006,Bruxism (disorder),,
SNOMED,24199005,Feeling agitated (finding),,
SNOMED,266108008,Enteroviral vesicular stomatitis with exanthem (disorder),,
SNOMED,429090009,History of malignant neoplasm of ovary (situation),,
SNOMED,45281005,Atherosclerosis of renal artery (disorder),,
SNOMED,5662003,Contusion of hand (disorder),,
SNOMED,59393003,Hidradenitis suppurativa (disorder),,
SNOMED,67023009,Lymphocytosis (disorder),,
SNOMED,71938000,Hypercalciuria (disorder),,
SNOMED,74814004,Contusion of foot (disorder),,
SNOMED,75467001,Intervertebral disc disorder of cervical region with myelopathy (disorder),,
SNOMED,1.08507E+16,Accidental needle stick injury (disorder),,
SNOMED,111514006,Pseudoexfoliation glaucoma (disorder),,
SNOMED,161423008,History of chickenpox (situation),,
SNOMED,161659007,History of kidney donation (situation),,
SNOMED,238810007,Flushing (disorder),,
SNOMED,254637007,Non-small cell lung cancer (disorder),,
SNOMED,269406001,Post-traumatic wound infection (disorder),,
SNOMED,300331000,Lesion of liver (disorder),,
SNOMED,307731004,Injury of tendon of the rotator cuff of shoulder (disorder),,
SNOMED,363408006,Malignant neoplasm of transverse colon (disorder),,
SNOMED,367534004,Supernumerary tooth (disorder),,
SNOMED,372143007,Carcinoma of stomach (disorder),,
SNOMED,386745004,Transurethral cystoscopy (procedure),,
SNOMED,400010006,Melanocytic nevus of skin (disorder),,
SNOMED,415690000,Sweating (finding),,
SNOMED,427327003,Sedative dependence (disorder),,
SNOMED,441717007,Hemiplegia of nondominant side (disorder),,
SNOMED,443460007,Multigravida of advanced maternal age (finding),,
SNOMED,445563009,Counseling for sexually transmitted disease (procedure),,
SNOMED,48245008,Bacterial arthritis (disorder),,
SNOMED,6055000,Burn of upper limb (disorder),,
SNOMED,75570004,Viral pneumonia (disorder),,
SNOMED,86203003,Polyhydramnios (disorder),,
SNOMED,103737001,"History and physical examination, pre-employment (procedure)",,
SNOMED,198321009,Endometrial cystic hyperplasia (disorder),,
SNOMED,219218005,Assault by cutting and stabbing instruments (event),,
SNOMED,236125004,Peristomal dermatitis (disorder),,
SNOMED,254936001,Glial tumor of brain (disorder),,
SNOMED,309585006,Syncope and collapse (finding),,
SNOMED,371779005,Physical child abuse (event),,
SNOMED,41188003,Disorder of oral soft tissues (disorder),,
SNOMED,426373005,Relapsing remitting multiple sclerosis (disorder),,
SNOMED,445585003,Livebirth born before admission to hospital (situation),,
SNOMED,47821001,Postpartum hemorrhage (disorder),,
SNOMED,88039007,Transplant of lung (procedure),,
SNOMED,128105004,von Willebrand disorder (disorder),,
SNOMED,73297009,Muscular dystrophy (disorder),,
SNOMED,1386000,Intracranial hemorrhage (disorder),,
SNOMED,2089002,Osteitis deformans (disorder),,
SNOMED,234141001,Congenital arteriovenous malformation (disorder),,
SNOMED,33168009,Entropion of eyelid (disorder),,
SNOMED,363375006,Malignant neoplasm of tongue (disorder),,
SNOMED,444599008,Relaxation of pelvic floor (disorder),,
SNOMED,49388007,Sprain of foot (disorder),,
SNOMED,82470000,Muscle fasciculation (finding),,
SNOMED,83291003,Cor pulmonale (disorder),,
SNOMED,87872006,Male pattern alopecia (disorder),,
SNOMED,125607007,Fracture of thoracic spine (disorder),,
SNOMED,126488004,Neoplasm of skin (disorder),,
SNOMED,225824003,Victim of physical abuse (finding),,
SNOMED,238748009,Sebaceous hyperplasia (finding),,
SNOMED,248802009,Absence of breast (finding),,
SNOMED,254845004,Fibroadenoma of breast (disorder),,
SNOMED,275563002,History of bone marrow donation (situation),,
SNOMED,307576001,Osteosarcoma of bone (disorder),,
SNOMED,315284009,Mass of parotid gland (finding),,
SNOMED,35298007,Slow transit constipation (disorder),,
SNOMED,363393007,Malignant neoplasm of palatine tonsil (disorder),,
SNOMED,363407001,Malignant neoplasm of hepatic flexure of colon (disorder),,
SNOMED,41299009,Iatrogenic Cushing's disease (disorder),,
SNOMED,419193008,Ankle ulcer (disorder),,
SNOMED,425852005,Fracture malunion (disorder),,
SNOMED,442155009,Hemiplegia of dominant side (disorder),,
SNOMED,59927004,Hepatic failure (disorder),,
SNOMED,739681000,Disorder of eye due to type 1 diabetes mellitus (disorder),,
SNOMED,86299006,Tetralogy of Fallot (disorder),,
SNOMED,108220007,Evaluation AND/OR management - new patient (procedure),,
SNOMED,109914007,Neoplasm of uncertain behavior of meninges (disorder),,
SNOMED,125606003,Fracture of cervical spine (disorder),,
SNOMED,171044003,Education about immunization (procedure),,
SNOMED,191623007,"Bipolar affective disorder, currently manic, severe, with psychosis (disorder)",,
SNOMED,194978002,Non-rheumatic mitral regurgitation (disorder),,
SNOMED,195881003,Pneumonia caused by respiratory syncytial virus (disorder),,
SNOMED,199257008,"Mental disorders during pregnancy, childbirth and the puerperium (disorder)",,
SNOMED,208164008,Closed fracture pubis (disorder),,
SNOMED,210339009,Open wound of face (disorder),,
SNOMED,237348005,Puerperal pyrexia (disorder),,
SNOMED,25353009,Craniotomy (procedure),,
SNOMED,424175006,Nontraumatic rotator cuff tear (disorder),,
SNOMED,427793007,Complication of urinary catheter (disorder),,
SNOMED,427889009,Hypertension associated with transplantation (disorder),,
SNOMED,443682009,Total replacement of right knee joint (procedure),,
SNOMED,5318001,Posterior subcapsular polar senile cataract (disorder),,
SNOMED,59657005,Intestinal bypass for morbid obesity (procedure),,
SNOMED,62394006,Female pelvic peritoneal adhesions (disorder),,
SNOMED,79206001,Specialized medical examination (procedure),,
SNOMED,9009001,Low compliance urinary bladder (disorder),,
SNOMED,17059001,Prepatellar bursitis (disorder),,
SNOMED,24424003,Closed fracture of phalanx of finger (disorder),,
SNOMED,287057009,Atrial premature complex (disorder),,
SNOMED,36228007,Ophthalmic examination and evaluation (procedure),,
SNOMED,36976004,Hypoparathyroidism (disorder),,
SNOMED,12454008,Cauda equina syndrome with neurogenic urinary bladder (disorder),,
SNOMED,19346006,Marfan's syndrome (disorder),,
SNOMED,28119000,Renal hypertension (disorder),,
SNOMED,312956001,Central serous chorioretinopathy (disorder),,
SNOMED,34139004,Intervertebral disc disorder of lumbar region with myelopathy (disorder),,
SNOMED,429014004,History of malignant lymphoma (situation),,
SNOMED,44635007,Fecal impaction (disorder),,
SNOMED,50620007,Autonomic neuropathy due to diabetes mellitus (disorder),,
SNOMED,120001005,Testis excision (procedure),,
SNOMED,123845008,Adenocarcinoma of endometrium (disorder),,
SNOMED,125608002,Fracture of lumbar spine (disorder),,
SNOMED,125649002,Open wound of forearm (disorder),,
SNOMED,126788000,Neoplasm of parotid gland (disorder),,
SNOMED,171208001,Alcohol consumption screening (procedure),,
SNOMED,191837001,"Cannabis dependence, continuous (disorder)",,
SNOMED,23502006,Lyme disease (disorder),,
SNOMED,238788004,Venous stasis syndrome (disorder),,
SNOMED,361137007,Irregular heart beat (finding),,
SNOMED,37450000,Corneal foreign body (disorder),,
SNOMED,398925009,Abducens nerve disorder (disorder),,
SNOMED,416893007,Carbuncle (disorder),,
SNOMED,428171009,Pain at rest due to peripheral vascular disease (disorder),,
SNOMED,428534000,History of carotid endarterectomy (situation),,
SNOMED,52421005,Incipient cataract (disorder),,
SNOMED,53304009,Parathyroidectomy (procedure),,
SNOMED,54556006,Fracture of ulna (disorder),,
SNOMED,67038005,Nonspecific ulcerative proctitis (disorder),,
SNOMED,73867007,Severe major depression with psychotic features (disorder),,
SNOMED,1239002,Congenital anteversion of femur (finding),,
SNOMED,1255013006,Combined opioid with non-opioid substance dependence (disorder),,
SNOMED,125660006,Open wound of knee (disorder),,
SNOMED,125662003,Open wound of ankle (disorder),,
SNOMED,14223005,Esophageal varices without bleeding (disorder),,
SNOMED,1.7461E+13,Sequela of intracranial injury (disorder),,
SNOMED,178728009,Removal of ureteral stent (procedure),,
SNOMED,193839007,Fuchs' corneal dystrophy (disorder),,
SNOMED,19416009,Congenital anomaly of eye (disorder),,
SNOMED,199732004,Abnormal finding on antenatal screening of mother (finding),,
SNOMED,20100009,Closed fracture of intracapsular section of femur (disorder),,
SNOMED,218058005,Accident caused by glass edge (event),,
SNOMED,22247000,Dehiscence of surgical wound (disorder),,
SNOMED,230746009,Obstructive hydrocephalus (disorder),,
SNOMED,231762005,Photocoagulation to retina (procedure),,
SNOMED,266556005,Calculus of kidney and ureter (disorder),,
SNOMED,271756005,Macular eruption (disorder),,
SNOMED,27942005,Shock (disorder),,
SNOMED,29003001,Spastic dysphonia (disorder),,
SNOMED,300457003,Lesion of urinary bladder (disorder),,
SNOMED,302112009,Colostomy present (finding),,
SNOMED,363680008,Radiographic imaging procedure (procedure),,
SNOMED,372016004,Primary malignant neoplasm of peritoneum (disorder),,
SNOMED,410624000,"Well child visit, 2 month (procedure)",,
SNOMED,432615008,Chronic pain in face (finding),,
SNOMED,441688003,Incomplete quadriplegia due to spinal cord lesion between first and fourth cervical vertebra (disorder),,
SNOMED,442327001,Twin liveborn born in hospital (situation),,
SNOMED,61037007,Colloid goiter (disorder),,
SNOMED,66540002,Back strain of thoracic region (disorder),,
SNOMED,429254008,History of malignant neoplasm of thyroid (situation),,
SNOMED,568005,Tic disorder (disorder),,
SNOMED,12962009,Histoplasmosis (disorder),,
SNOMED,235222001,Attention to gastrostomy (procedure),,
SNOMED,269113006,"Acute meniscal tear, medial (disorder)",,
SNOMED,31384009,Polymyositis (disorder),,
SNOMED,36989005,Mumps (disorder),,
SNOMED,61152003,Moderate intellectual disability (disorder),,
SNOMED,721104000,Sepsis due to urinary tract infection (disorder),,
SNOMED,7305005,Coarctation of aorta (disorder),,
SNOMED,17173007,Excessive thirst (finding),,
SNOMED,18265008,Exophthalmos (disorder),,
SNOMED,191306005,Immunoglobulin A vasculitis (disorder),,
SNOMED,193615000,Posterior capsule opacification with vision obscured following extraction of cataract (disorder),,
SNOMED,21018002,Inflammatory neuropathy (disorder),,
SNOMED,236048007,Parastomal hernia (disorder),,
SNOMED,238539001,Hand eczema (disorder),,
SNOMED,267103008,Feeling of lump in throat (finding),,
SNOMED,27561001,Cellulitis of finger (disorder),,
SNOMED,308698004,Flatulence symptom (finding),,
SNOMED,312682007,Empyema (disorder),,
SNOMED,416975007,"Primary degenerative dementia of the Alzheimer type, senile onset (disorder)",,
SNOMED,46799006,Dysenteric diarrhea (disorder),,
SNOMED,5294002,Developmental disorder (disorder),,
SNOMED,67278007,Congenital stenosis of pulmonary valve (disorder),,
SNOMED,79471008,Sudden hearing loss (disorder),,
SNOMED,95574003,Stenosis of ureter (disorder),,
SNOMED,1055001,Stenosis of precerebral artery (disorder),,
SNOMED,108224003,Preventive patient evaluation (procedure),,
SNOMED,1.11145E+15,Acute angle closure (disorder),,
SNOMED,121868005,Total cholesterol measurement (procedure),,
SNOMED,1264366005,Laceration of tendon of wrist (disorder),,
SNOMED,166669000,Aspartate aminotransferase serum level above reference range (finding),,
SNOMED,170539009,Requires polio vaccination (finding),,
SNOMED,191618007,"Bipolar affective disorder, current episode manic (disorder)",,
SNOMED,217093000,Fall on steps (event),,
SNOMED,233169004,Automatic defibrillator procedure (procedure),,
SNOMED,234171009,Drug-induced hypotension (disorder),,
SNOMED,234335003,Allogeneic unrelated bone marrow transplant (procedure),,
SNOMED,23924001,Tight chest (finding),,
SNOMED,255021005,Malignant melanoma of choroid (disorder),,
SNOMED,267513007,Deficiency anemias (disorder),,
SNOMED,300228004,Hearing problem (finding),,
SNOMED,386689009,Hypothermia (finding),,
SNOMED,4009004,Lower urinary tract infectious disease (disorder),,
SNOMED,40926005,Moderate mixed bipolar I disorder (disorder),,
SNOMED,41345002,Rickets (disorder),,
SNOMED,425196008,Insertion of peripherally inserted central catheter (procedure),,
SNOMED,429653007,Repair of reducible inguinal hernia (procedure),,
SNOMED,54319003,Disruptive behavior disorder (disorder),,
SNOMED,60899001,Hypertensive heart disease without congestive heart failure (disorder),,
SNOMED,61401005,Gastric hemorrhage (disorder),,
SNOMED,72093006,Administration of vaccine product containing only Human poliovirus antigen (procedure),,
SNOMED,74770008,Exploratory laparotomy (procedure),,
SNOMED,81531005,Diabetes mellitus type 2 in obese (disorder),,
SNOMED,86259008,Biopsy of liver (procedure),,
SNOMED,386804004,Disorder of menstruation (disorder),,
SNOMED,64298006,Acquired deformity of distal interphalangeal joint of finger due to trauma (disorder),,
SNOMED,200722003,Pyogenic granuloma (disorder),,
SNOMED,20824003,Chronic cholecystitis (disorder),,
SNOMED,284549007,Laceration of hand (disorder),,
SNOMED,29753000,Focal onset epileptic seizure (finding),,
SNOMED,36715001,Erythema multiforme (disorder),,
SNOMED,42982001,Sialoadenitis (disorder),,
SNOMED,444967008,Hypoplasia of maxillary bone (disorder),,
SNOMED,50172003,Lumbar spinal fusion (procedure),,
SNOMED,51226000,Round hole of retina without detachment (disorder),,
SNOMED,66347000,Impulse control disorder (disorder),,
SNOMED,72325004,Cyst of thyroid (disorder),,
SNOMED,91945006,Articular disc disorder of temporomandibular joint (disorder),,
SNOMED,119954001,Adenoid excision (procedure),,
SNOMED,126885006,Neoplasm of urinary bladder (disorder),,
SNOMED,161469008,History of depression (situation),,
SNOMED,161511000,History of transient ischemic attack (situation),,
SNOMED,161685006,History of tracheostomy (situation),,
SNOMED,173171007,Lobectomy of lung (procedure),,
SNOMED,189948006,Schwannoma (disorder),,
SNOMED,20425006,Labyrinthine disorder (disorder),,
SNOMED,240215009,Prolapsed cervical intervertebral disc (disorder),,
SNOMED,249918006,Shoulder stiff (finding),,
SNOMED,267612009,"Degeneration of macula due to cyst, hole or pseudohole (disorder)",,
SNOMED,277466009,Lymphoproliferative disorder (disorder),,
SNOMED,304026004,Varicose ulcer of lower extremity (disorder),,
SNOMED,309246000,Osteoarthritis of foot joint (disorder),,
SNOMED,39839004,Diaphragmatic hernia (disorder),,
SNOMED,428163005,Hypertensive left ventricular hypertrophy (disorder),,
SNOMED,428869006,Mixed rhinitis (disorder),,
SNOMED,443503005,Periumbilical pain (finding),,
SNOMED,52910006,Anxiety disorder due to a general medical condition (disorder),,
SNOMED,72900001,Familial multiple polyposis syndrome (disorder),,
SNOMED,93458008,Foreign body in skin (disorder),,
SNOMED,125619004,Traumatic dislocation of joint of finger (disorder),,
SNOMED,128054009,Deep venous thrombosis of upper extremity (disorder),,
SNOMED,17849001,Fetal and/or neonatal disorder of respiratory system (disorder),,
SNOMED,213082003,Prosthetic joint dislocation (disorder),,
SNOMED,21711003,Hydrosalpinx (disorder),,
SNOMED,247154004,Macular drusen (finding),,
SNOMED,263199001,Fracture of distal end of radius (disorder),,
SNOMED,26786002,Scleral buckling (procedure),,
SNOMED,303081002,Neurogenic claudication (finding),,
SNOMED,311897005,Sacral dimple (finding),,
SNOMED,314116003,Post infarct angina (disorder),,
SNOMED,363410008,Malignant neoplasm of sigmoid colon (disorder),,
SNOMED,370244001,Superficial laceration of hand (disorder),,
SNOMED,371040005,Thrombotic stroke (disorder),,
SNOMED,387603000,Impairment of balance (finding),,
SNOMED,418189009,Child abuse (event),,
SNOMED,425771001,Enlarging abdominal aortic aneurysm (disorder),,
SNOMED,449082003,Sepsis caused by Gram negative bacteria (disorder),,
SNOMED,61267008,Retinal neovascularization (disorder),,
SNOMED,70068004,Persistent occipitoposterior position (disorder),,
SNOMED,74333002,Spasmodic torticollis (disorder),,
SNOMED,766877008,Constantly crying infant (finding),,
SNOMED,93448009,Superficial ulcer of skin (disorder),,
SNOMED,28835009,Retinitis pigmentosa (disorder),,
SNOMED,398100001,Hereditary motor and sensory neuropathy (disorder),,
SNOMED,425878001,Cervical disc disorder (disorder),,
SNOMED,81512004,Loose body in knee (disorder),,
SNOMED,87979003,Cleft palate (disorder),,
SNOMED,213121005,Prosthetic joint infection (disorder),,
SNOMED,33118001,Closed fracture of acetabulum (disorder),,
SNOMED,39848009,Whiplash injury to neck (disorder),,
SNOMED,405772002,Congenital kyphoscoliosis (disorder),,
SNOMED,40799003,Subacromial bursitis (disorder),,
SNOMED,429494008,Postoperative seroma (disorder),,
SNOMED,444552001,Hyperplasia of mandibular bone (disorder),,
SNOMED,44730006,Uremia (disorder),,
SNOMED,57773001,Rectal prolapse (disorder),,
SNOMED,58554001,Empyema of pleura (disorder),,
SNOMED,596004,Premenstrual dysphoric disorder (disorder),,
SNOMED,61261009,Hemolytic anemia (disorder),,
SNOMED,67531005,Spina bifida (disorder),,
SNOMED,68854005,Closed fracture of head of radius (disorder),,
SNOMED,111640008,Closed fracture of radius (disorder),,
SNOMED,11980003,Burn of foot (disorder),,
SNOMED,125598003,Injury of wrist (disorder),,
SNOMED,127189005,Axillary lymphadenopathy (disorder),,
SNOMED,127199000,Inguinal lymphadenopathy (disorder),,
SNOMED,16146001,Viral bronchitis (disorder),,
SNOMED,193341001,Horseshoe retinal tear without detachment (disorder),,
SNOMED,21234008,Congenital stenosis of aorta (disorder),,
SNOMED,235921003,Biliary stricture (disorder),,
SNOMED,238108007,Cachexia (finding),,
SNOMED,238318009,Continuous ambulatory peritoneal dialysis (procedure),,
SNOMED,238744006,Comedonal acne (disorder),,
SNOMED,239816008,Synovitis of elbow (disorder),,
SNOMED,246813002,Ptosis of eyebrow (finding),,
SNOMED,27741009,Calcific tendinitis of shoulder (disorder),,
SNOMED,29951006,Chronic laryngitis (disorder),,
SNOMED,307608006,Ewing's sarcoma of bone (disorder),,
SNOMED,36583000,Mixed bipolar I disorder in partial remission (disorder),,
SNOMED,367498001,Seasonal allergic rhinitis (disorder),,
SNOMED,415530009,Simple obesity (disorder),,
SNOMED,426525004,Sustained ventricular tachycardia (disorder),,
SNOMED,430715008,Bariatric operative procedure (procedure),,
SNOMED,441794001,Incomplete quadriplegia due to spinal cord lesion between fifth and seventh cervical vertebra (disorder),,
SNOMED,444658006,Nonsustained ventricular tachycardia (disorder),,
SNOMED,80098002,Diffuse Lewy body disease (disorder),,
SNOMED,846645002,Tenosynovitis of elbow (disorder),,
SNOMED,85649008,Megaloblastic anemia due to folate deficiency (disorder),,
SNOMED,86414002,Contracture of joint of hand (disorder),,
SNOMED,89580002,Cryptogenic cirrhosis (disorder),,
SNOMED,91950000,Atrophy of edentulous alveolar ridge (disorder),,
SNOMED,109894007,Retained placenta (disorder),,
SNOMED,118938008,Disorder of mouth (disorder),,
SNOMED,1234783007,Organic mental disorder caused by ethanol (disorder),,
SNOMED,13094009,Neonatal apnea (finding),,
SNOMED,161687003,History of colostomy (situation),,
SNOMED,195878008,Pneumonia and influenza (disorder),,
SNOMED,206209004,Fracture of clavicle due to birth trauma (disorder),,
SNOMED,236632007,Functional disorder of urinary bladder (disorder),,
SNOMED,239160006,Wound hematoma (finding),,
SNOMED,267779003,Cellulitis and abscess of neck (disorder),,
SNOMED,271972006,Disorder of urethral catheter (disorder),,
SNOMED,282299006,Unable to balance (finding),,
SNOMED,307140009,Acute non-Q wave infarction (disorder),,
SNOMED,309521004,Numbness of hand (finding),,
SNOMED,309587003,Calcification of breast (disorder),,
SNOMED,310582005,Implantation of intravenous dual chamber permanent cardiac pacemaker (procedure),,
SNOMED,313080005,Work-related counseling (procedure),,
SNOMED,35999006,Blighted ovum (disorder),,
SNOMED,371136004,Disorder of tooth development (disorder),,
SNOMED,387637008,Effusion of joint (disorder),,
SNOMED,415352004,Rotator cuff tear arthropathy (disorder),,
SNOMED,419145002,Nightmares (finding),,
SNOMED,426936004,Smoke inhalation injury (disorder),,
SNOMED,428671008,Arthropathy of lumbar facet joint (disorder),,
SNOMED,61347001,Acute duodenal ulcer with perforation (disorder),,
SNOMED,64411004,Hepatitis C antibody measurement (procedure),,
SNOMED,72010008,Removal of internal fixation device (procedure),,
SNOMED,77674003,Hemianopia (finding),,
SNOMED,91251008,Physical therapy procedure (regime/therapy),,
SNOMED,94503003,Metastatic malignant neoplasm to prostate (disorder),,
SNOMED,111591002,Hypertrophy of adenoids (disorder),,
SNOMED,14357004,Ischemic optic neuropathy (disorder),,
SNOMED,298171004,Inflammation of joint of ankle (finding),,
SNOMED,32595002,Mononeuritis (disorder),,
SNOMED,36171008,Glomerulonephritis (disorder),,
SNOMED,40178009,Allergic urticaria (disorder),,
SNOMED,59026006,Blepharospasm (disorder),,
SNOMED,6654000,Acquired hallux rigidus (disorder),,
SNOMED,66889002,Terminal esophageal web (disorder),,
SNOMED,77182004,Membranous glomerulonephritis (disorder),,
SNOMED,781187003,Non-healing surgical wound (finding),,
SNOMED,79962008,Diffuse spasm of esophagus (disorder),,
SNOMED,1288045008,Well-differentiated neuroendocrine tumor (disorder),,
SNOMED,13973009,Tonic-clonic status epilepticus (finding),,
SNOMED,171207006,Depression screening (procedure),,
SNOMED,191821007,Opioid dependence in remission (disorder),,
SNOMED,20610004,Fourth nerve palsy (disorder),,
SNOMED,225562005,Pressure injury of sacral region of back (disorder),,
SNOMED,230465000,Migraine aura without headache (disorder),,
SNOMED,231470001,Anxiolytic dependence (disorder),,
SNOMED,26843008,Antiphospholipid syndrome (disorder),,
SNOMED,276369006,Reduced fetal movement (finding),,
SNOMED,29322000,Acute cerebrovascular insufficiency (disorder),,
SNOMED,301913002,Lesion of eyelid (disorder),,
SNOMED,398022005,Vaginal wall prolapse (disorder),,
SNOMED,40608009,Hypertropia (disorder),,
SNOMED,427649000,Calcium renal calculus (disorder),,
SNOMED,427858005,Family history of malignant melanoma (situation),,
SNOMED,44103008,Ventricular arrhythmia (disorder),,
SNOMED,444951002,Unsettled infant (finding),,
SNOMED,49512000,Depressed bipolar I disorder in partial remission (disorder),,
SNOMED,49526009,Presbycusis (disorder),,
SNOMED,4996001,Hypophosphatemia (disorder),,
SNOMED,65668001,Otorrhea (disorder),,
SNOMED,68978004,Hyperventilation (finding),,
SNOMED,72011007,Rheumatic aortic stenosis (disorder),,
SNOMED,724656006,Hypnotic dependence (disorder),,
SNOMED,74576004,Acquired thrombocytopenia (disorder),,
SNOMED,75934005,Metabolic disease (disorder),,
SNOMED,85216006,Displacement of cervical intervertebral disc without myelopathy (disorder),,
SNOMED,109913001,Benign neoplasm of meninges (disorder),,
SNOMED,12274003,Acute peptic ulcer with hemorrhage (disorder),,
SNOMED,1231325000,Amfetamine and/or amfetamine derivative dependence in remission (disorder),,
SNOMED,1231331002,Psychostimulant dependence in remission (disorder),,
SNOMED,1335874004,Early neonatal jaundice due to hereditary hemolytic anemia (disorder),,
SNOMED,162596006,Suspected victim of child abuse (situation),,
SNOMED,169565003,Pregnant - planned (finding),,
SNOMED,179342005,Knee joint operation (procedure),,
SNOMED,187734007,Malignant neoplasm of cardioesophageal junction of stomach (disorder),,
SNOMED,190818004,Waldenström macroglobulinemia (disorder),,
SNOMED,191919001,Episodic nondependent harmful pattern of use of cocaine (disorder),,
SNOMED,195788001,Recurrent sinusitis (disorder),,
SNOMED,19887002,Claustrophobia (disorder),,
SNOMED,200638004,Cellulitis and abscess of toe (disorder),,
SNOMED,206439006,Neonatal jaundice due to glucose-6-phosphate dehydrogenase deficiency (finding),,
SNOMED,254612002,Carcinoma of endocrine pancreas (disorder),,
SNOMED,262581006,Head burn (disorder),,
SNOMED,262582004,Burn of face (disorder),,
SNOMED,266464001,Hemorrhage of rectum and anus (disorder),,
SNOMED,26682008,Homozygous beta thalassemia (disorder),,
SNOMED,271943005,Carcinoma of base of tongue (disorder),,
SNOMED,274710003,Lung field abnormal (finding),,
SNOMED,27480002,Excision of bunion (procedure),,
SNOMED,295124009,Acetaminophen overdose (disorder),,
SNOMED,307116001,Heterozygous Factor V Leiden mutation (disorder),,
SNOMED,309537005,Numbness of lower limb (finding),,
SNOMED,315249005,Persistent breast nodularity (disorder),,
SNOMED,34165000,Gestational proteinuria (disorder),,
SNOMED,359532006,Rotator cuff impingement syndrome (disorder),,
SNOMED,413107006,Hepatitis C screening (procedure),,
SNOMED,415238003,Rapid eye movement sleep behavior disorder (disorder),,
SNOMED,425500002,Secondary progressive multiple sclerosis (disorder),,
SNOMED,429487005,Dependence on continuous positive airway pressure ventilation (finding),,
SNOMED,444816006,Embolism from thrombosis of vein of lower extremity (disorder),,
SNOMED,66485003,Retinal scar (disorder),,
SNOMED,71057007,Infection caused by Escherichia coli (disorder),,
SNOMED,76612001,Hypercoagulability state (finding),,
SNOMED,75789001,Onycholysis (disorder),,
SNOMED,14560005,Dermal mycosis (disorder),,
SNOMED,274770006,Alkaline phosphatase above reference range (finding),,
SNOMED,40257000,Contusion of shoulder region (disorder),,
SNOMED,429969003,Family history of polyp of colon (situation),,
SNOMED,49263001,Spermatocele (disorder),,
SNOMED,56819008,Endocarditis (disorder),,
SNOMED,65508009,Granuloma annulare (disorder),,
SNOMED,68267002,Benign intracranial hypertension (disorder),,
SNOMED,70407001,Stridor (finding),,
SNOMED,734986006,Complex regional pain syndrome of lower limb (disorder),,
SNOMED,111411000,Postoperative urethral stricture (disorder),,
SNOMED,11429006,Consultation (procedure),,
SNOMED,129179000,Piriformis syndrome (disorder),,
SNOMED,194779001,Hypertensive heart and renal disease with (congestive) heart failure (disorder),,
SNOMED,194780003,Hypertensive heart and renal disease with renal failure (disorder),,
SNOMED,203640005,Idiopathic kyphoscoliosis (disorder),,
SNOMED,208271008,"Closed fracture distal humerus, lateral epicondyle (disorder)",,
SNOMED,214264003,Lethargy (finding),,
SNOMED,232720001,Coronary artery bypass grafts x 2 (procedure),,
SNOMED,239867006,Osteoarthritis of wrist (disorder),,
SNOMED,268533009,Sterilization education (procedure),,
SNOMED,274146004,Pathological fracture of vertebra (disorder),,
SNOMED,302826002,Adrenal cortical adenoma (disorder),,
SNOMED,363392002,Malignant neoplasm of oropharynx (disorder),,
SNOMED,386701004,Developmental articulation disorder (disorder),,
SNOMED,426646004,Compression fracture of lumbar spine (disorder),,
SNOMED,430705002,Family history of malignant neoplasm of ovary (situation),,
SNOMED,441530006,Chronic diastolic heart failure (disorder),,
SNOMED,441667007,Abnormal cervical Papanicolaou smear with human papillomavirus deoxyribonucleic acid detected (finding),,
SNOMED,444507004,Exposure to Mycobacterium tuberculosis (event),,
SNOMED,46578006,Lumbosacral radiculitis (disorder),,
SNOMED,5972002,Delay when starting to pass urine (finding),,
SNOMED,68372009,Upper respiratory tract obstruction (disorder),,
SNOMED,69430001,Abscess of vulva (disorder),,
SNOMED,70693003,At increased risk for impaired skin integrity (finding),,
SNOMED,74107003,Acromegaly (disorder),,
SNOMED,74686005,Mild depressed bipolar I disorder (disorder),,
SNOMED,81099000,Cervical arthrodesis (procedure),,
SNOMED,92439006,Benign neoplasm of thyroid gland (disorder),,
SNOMED,109428005,Perimembranous ventricular septal defect (disorder),,
SNOMED,1148649003,Poisoning caused by opioid receptor agonist (disorder),,
SNOMED,11836002,Primary bacterial peritonitis (disorder),,
SNOMED,11868005,Burn of multiple sites of trunk (disorder),,
SNOMED,1259918007,Fetal and/or early neonatal disorder due to disproportion during labor and/or delivery (disorder),,
SNOMED,1259919004,Fetal disorder due to disproportion during labor (disorder),,
SNOMED,1259921009,Fetal disorder due to malpresentation during labor (disorder),,
SNOMED,1259923007,Fetal disorder due to malpresentation during delivery (disorder),,
SNOMED,1259925000,Fetal disorder due to disproportion during delivery (disorder),,
SNOMED,1263633009,Fetal disorder due to malposition during labor (disorder),,
SNOMED,1263634003,Fetal disorder due to malposition during delivery (disorder),,
SNOMED,1263688008,Early neonatal disorder due to malpresentation during delivery (disorder),,
SNOMED,128069005,Injury of abdomen (disorder),,
SNOMED,1306548008,Malignant neoplasm of central portion of breast (disorder),,
SNOMED,1345083007,Dependence on corticosteroid due to harmful pattern of use (disorder),,
SNOMED,1345088003,Dependence on corticosteroid in therapeutic use (disorder),,
SNOMED,161670000,History of cornea recipient (situation),,
SNOMED,192073007,Change in personality (disorder),,
SNOMED,197155003,Intersphincteric fistula (disorder),,
SNOMED,197270009,Acute hepatic failure (disorder),,
SNOMED,208393000,Fracture of metacarpal bone (disorder),,
SNOMED,210560004,"Open wound of hand, excluding finger(s) (disorder)",,
SNOMED,233817007,Triple vessel disease of the heart (disorder),,
SNOMED,238080004,Hyperalphalipoproteinemia (disorder),,
SNOMED,238088006,Primary combined hyperlipidemia (disorder),,
SNOMED,254671003,Infection of sebaceous cyst (disorder),,
SNOMED,288252009,Maternal infection (situation),,
SNOMED,310439007,Urine cytology abnormal (finding),,
SNOMED,34020007,Pneumonia caused by Streptococcus (disorder),,
SNOMED,37320007,Loss of teeth (disorder),,
SNOMED,399957001,Peripheral arterial occlusive disease (disorder),,
SNOMED,400066006,Intraepithelial squamous cell carcinoma (disorder),,
SNOMED,4046000,Degenerative spondylolisthesis (disorder),,
SNOMED,423633003,Midline cystocele (disorder),,
SNOMED,443681002,Total replacement of left knee joint (procedure),,
SNOMED,44378008,Partial colectomy with anastomosis (procedure),,
SNOMED,47609003,Foreign body in esophagus (disorder),,
SNOMED,65124004,Swelling (finding),,
SNOMED,65358001,Acquired hallux valgus (disorder),,
SNOMED,71772004,Vasospasm (finding),,
SNOMED,8180007,Fiberoptic colonoscopy through colostomy (procedure),,
SNOMED,83132003,Upper abdominal pain (finding),,
SNOMED,871898007,Administration of vaccine product containing only live attenuated Human alphaherpesvirus 3 antigen (procedure),,
SNOMED,94180008,Metastatic malignant neoplasm to axilla (disorder),,
SNOMED,208929003,Closed traumatic dislocation of patellofemoral joint (disorder),,
SNOMED,123798002,Lumbosacral spondylosis (disorder),,
SNOMED,20165001,Hyperphosphatemia (disorder),,
SNOMED,26389007,Toxic multinodular goiter (disorder),,
SNOMED,39446004,Female infertility of tubal origin (disorder),,
SNOMED,40970001,Chronic osteomyelitis (disorder),,
SNOMED,442048005,Tenosynovitis of wrist (disorder),,
SNOMED,71760005,Cervico-occipital neuralgia (disorder),,
SNOMED,87614000,Pinguecula (disorder),,
SNOMED,94704006,Multiple myeloma in remission (disorder),,
SNOMED,128474007,Parathyroid adenoma (disorder),,
SNOMED,128540005,Hearing disorder (disorder),,
SNOMED,17551007,Chronic diarrhea of unknown origin (disorder),,
SNOMED,188241004,Malignant neoplasm of lateral wall of urinary bladder (disorder),,
SNOMED,19309007,Open angle glaucoma due to vascular disorder (disorder),,
SNOMED,195565004,Dilation of esophagus (procedure),,
SNOMED,247444006,Excoriation of skin (disorder),,
SNOMED,249274008,Urinary symptoms (finding),,
SNOMED,262520005,Thumb injury (disorder),,
SNOMED,2651006,Closed traumatic dislocation of elbow joint (disorder),,
SNOMED,269579005,Malignant melanoma of trunk (disorder),,
SNOMED,289922002,Mass of ovary (finding),,
SNOMED,301021005,Ulcer of toe (disorder),,
SNOMED,399081005,Common peroneal neuropathy (disorder),,
SNOMED,400122007,Primary cutaneous T-cell lymphoma (disorder),,
SNOMED,416030007,Cervicovaginal cytology: Low grade squamous intraepithelial lesion (finding),,
SNOMED,422426003,Facial nerve disorder (disorder),,
SNOMED,429589006,Left ventricular cardiac dysfunction (disorder),,
SNOMED,43769008,Mild mixed bipolar I disorder (disorder),,
SNOMED,443089001,Pseudoaneurysm (disorder),,
SNOMED,44946007,Repair of umbilical hernia (procedure),,
SNOMED,57781000,Disorder of vocal cord (disorder),,
SNOMED,81345003,Stenosis of lacrimal canaliculi (disorder),,
SNOMED,91273001,Lactic acidosis (disorder),,
SNOMED,91603007,Contusion of lower limb (disorder),,
SNOMED,95508001,Congenital obstruction of lacrimal canaliculus (disorder),,
SNOMED,95851007,Fracture of orbit (disorder),,
SNOMED,124042003,Lipid above reference range (finding),,
SNOMED,128078004,Polyradiculoneuropathy (disorder),,
SNOMED,199132007,Pregnancy-related glycosuria (disorder),,
SNOMED,202264009,Contracture of multiple joints (disorder),,
SNOMED,2070002,Burning sensation in eye (finding),,
SNOMED,233163003,Radiofrequency ablation operation for arrhythmia (procedure),,
SNOMED,233956002,Aortoiliac atherosclerosis (disorder),,
SNOMED,254553001,Carcinoma of cardia (disorder),,
SNOMED,266887003,Family history: Raised blood lipids (situation),,
SNOMED,274165007,Laceration of skin (disorder),,
SNOMED,28188001,Brain injury with open intracranial wound (disorder),,
SNOMED,297713002,Varicose veins of lower limb without ulcer and without inflammation (disorder),,
SNOMED,302229004,Salmonella food poisoning (disorder),,
SNOMED,310495003,Mild depression (disorder),,
SNOMED,312851005,Screening for disorder (procedure),,
SNOMED,34363003,Pruritus of vagina (disorder),,
SNOMED,369462000,Atypical hyperplasia of breast (disorder),,
SNOMED,372100004,Carcinoma of exocervix (disorder),,
SNOMED,373082000,Malignant neoplasm of upper inner quadrant of breast (disorder),,
SNOMED,37657006,Disorder of esophagus (disorder),,
SNOMED,40890009,Esophageal dysphagia (disorder),,
SNOMED,409666003,Pathological fracture of neck of femur (disorder),,
SNOMED,416113008,Febrile disorder (disorder),,
SNOMED,425832009,Psychophysiologic insomnia (disorder),,
SNOMED,442351006,Mental disorder caused by drug (disorder),,
SNOMED,442365008,Liveborn born in hospital by cesarean section (situation),,
SNOMED,443936004,Oligodendroglioma (disorder),,
SNOMED,47546008,Warfarin overdosage (disorder),,
SNOMED,53792000,Closed fracture of shaft of ulna (disorder),,
SNOMED,5552004,Disorder of ovary (disorder),,
SNOMED,62415009,Delayed articulatory and language development (finding),,
SNOMED,67406007,Disseminated intravascular coagulation (disorder),,
SNOMED,75053002,Acute febrile mucocutaneous lymph node syndrome (disorder),,
SNOMED,94820008,Neoplasm of uncertain behavior of endocrine gland (disorder),,
SNOMED,20639004,Candidiasis of esophagus (disorder),,
SNOMED,342070009,Closed fracture of foot (disorder),,
SNOMED,140004,Chronic pharyngitis (disorder),,
SNOMED,17883008,Sprain of hip (disorder),,
SNOMED,269062008,Closed fracture of cervical spine (disorder),,
SNOMED,269080004,Closed fracture of the distal humerus (disorder),,
SNOMED,269516007,Tongue carcinoma (disorder),,
SNOMED,271700006,Chorea (disorder),,
SNOMED,29717002,Premature beats (disorder),,
SNOMED,441124000,Mass of chest wall (finding),,
SNOMED,44169009,Loss of sense of smell (finding),,
SNOMED,49468007,Depressed bipolar I disorder (disorder),,
SNOMED,56265001,Heart disease (disorder),,
SNOMED,57207003,Bullous keratopathy (disorder),,
SNOMED,75229002,Hyphema (disorder),,
SNOMED,111496009,Syringomyelia (disorder),,
SNOMED,11251000,Cystitis caused by radiation (disorder),,
SNOMED,12584003,Bone pain (finding),,
SNOMED,12770006,Cyanotic congenital heart disease (disorder),,
SNOMED,15385006,Closed fracture of medial malleolus (disorder),,
SNOMED,160313009,Family history of osteoporosis (situation),,
SNOMED,17920008,Portal vein thrombosis (disorder),,
SNOMED,19354008,Ganglion cyst of tendon sheath (disorder),,
SNOMED,197866008,Diverticulum of urinary bladder (disorder),,
SNOMED,207938004,Closed fracture thoracic vertebra (disorder),,
SNOMED,250102002,Unstable knee (finding),,
SNOMED,26373009,Thrombosed external hemorrhoids (disorder),,
SNOMED,274663001,Acute pain (finding),,
SNOMED,279079003,Dysesthesia (finding),,
SNOMED,328383001,Chronic liver disease (disorder),,
SNOMED,40700009,Severe intellectual disability (disorder),,
SNOMED,428173007,Chronic hypoxemic respiratory failure (disorder),,
SNOMED,443719001,Leiomyosarcoma (disorder),,
SNOMED,52845002,Nephritis (disorder),,
SNOMED,61599003,Phlebitis (disorder),,
SNOMED,785277001,Harmful pattern of use of amfetamine and/or amfetamine derivative (disorder),,
SNOMED,80141007,Hemoglobinopathy (disorder),,
SNOMED,92030004,Benign neoplasm of brain (disorder),,
SNOMED,94147001,Mass of mediastinum (finding),,
SNOMED,94397007,Metastatic malignant neoplasm to lymph nodes of neck (disorder),,
SNOMED,95726001,Corneal scar (disorder),,
SNOMED,1149345007,Excessive weight gain measured during pregnancy (finding),,
SNOMED,1263728000,Fetal disorder due to polyhydramnios (disorder),,
SNOMED,128136007,Disorder of knee (disorder),,
SNOMED,129788004,Mammographic mass of breast (finding),,
SNOMED,134395001,Diabetic retinopathy screening (procedure),,
SNOMED,15886004,Screening for malignant neoplastic disease (procedure),,
SNOMED,171419001,Examination for population survey (procedure),,
SNOMED,177765008,Opening of chest (procedure),,
SNOMED,191894006,Episodic nondependent harmful pattern of use of cannabis (disorder),,
SNOMED,22591001,Degeneration of cartilage AND/OR meniscus of knee (disorder),,
SNOMED,237692001,Adrenocorticotropic hormone deficiency (disorder),,
SNOMED,24595009,Primary gout (disorder),,
SNOMED,2492009,Nutritional disorder (disorder),,
SNOMED,250980009,Cardioversion (procedure),,
SNOMED,271760008,Pustule (disorder),,
SNOMED,271771009,Joint swelling (finding),,
SNOMED,271989003,Disorder of breast implant (disorder),,
SNOMED,281544003,Strain of tendon of foot and ankle (disorder),,
SNOMED,29384001,Disorder of stomach (disorder),,
SNOMED,301183007,Bacterial endocarditis (disorder),,
SNOMED,30905007,Closed supracondylar fracture of femur (disorder),,
SNOMED,32984002,Neonatal polycythemia (disorder),,
SNOMED,371409005,Disorder of eye region (disorder),,
SNOMED,386662004,Pedal cycle accident (event),,
SNOMED,397541004,Severe visual impairment (disorder),,
SNOMED,397542006,Moderate visual impairment (disorder),,
SNOMED,398262004,Disruption of episiotomy wound in the puerperium (disorder),,
SNOMED,399305009,Nonsenile cataract (disorder),,
SNOMED,408647009,Adenocarcinoma of stomach (disorder),,
SNOMED,416920000,Obstruction of lacrimal canaliculus (disorder),,
SNOMED,417425009,Hemoglobin SS disease with crisis (disorder),,
SNOMED,428794004,Fistula (disorder),,
SNOMED,429975007,Oral phase dysphagia (disorder),,
SNOMED,430348006,Localized infection of skin AND/OR subcutaneous tissue (disorder),,
SNOMED,43724002,Chill (finding),,
SNOMED,442342003,Twin liveborn born in hospital by cesarean section (situation),,
SNOMED,443762000,Hypertrophic cardiomegaly (disorder),,
SNOMED,444661007,High risk pregnancy due to history of preterm labor (finding),,
SNOMED,45626005,Nontraumatic hemoperitoneum (disorder),,
SNOMED,51530003,Pneumonia caused by Escherichia coli (disorder),,
SNOMED,58000006,Patient discharge (procedure),,
SNOMED,68345001,Apraxia (finding),,
SNOMED,69352009,Varicose veins of lower extremity with ulcer AND inflammation (disorder),,
SNOMED,78559005,Operative procedure on shoulder region (procedure),,
SNOMED,78768009,Subconjunctival hemorrhage (disorder),,
SNOMED,82696006,Neonatal jaundice due to delayed conjugation from breast milk inhibitor (finding),,
SNOMED,83469008,Hyperinsulinism (disorder),,
SNOMED,94347008,Metastatic malignant neoplasm to intra-abdominal lymph nodes (disorder),,
SNOMED,11543004,Otosclerosis (disorder),,
SNOMED,30171000,Disorder of adrenal gland (disorder),,
SNOMED,37992001,Pancreatic insufficiency (disorder),,
SNOMED,399291005,Pharyngoesophageal diverticulum (disorder),,
SNOMED,432352001,Creatine kinase level above reference range (finding),,
SNOMED,45170000,Encephalitis (disorder),,
SNOMED,67536000,Arthropathy associated with a neurological disorder (disorder),,
SNOMED,712537009,Complex regional pain syndrome of upper limb (disorder),,
SNOMED,93469006,Hemangioma of liver (disorder),,
SNOMED,108034003,Excision of urinary bladder (procedure),,
SNOMED,111222003,Derangement of medial meniscus (disorder),,
SNOMED,119250001,Hypogammaglobulinemia (finding),,
SNOMED,160932005,Financial problem (finding),,
SNOMED,166584001,C-reactive protein outside reference range (finding),,
SNOMED,201954006,Traumatic arthropathy of ankle (disorder),,
SNOMED,202796002,Thoracic and lumbosacral neuritis (disorder),,
SNOMED,23407003,Congenital pes planus (disorder),,
SNOMED,266890009,Family history of alcoholism (situation),,
SNOMED,274228002,Suicide by drug overdose (event),,
SNOMED,27550009,Disorder of blood vessel (disorder),,
SNOMED,2904007,Male infertility (disorder),,
SNOMED,33167004,Complication of transplanted liver (disorder),,
SNOMED,398182006,Insertion of inferior vena caval filter (procedure),,
SNOMED,413603009,Autoimmune hemolytic anemia (disorder),,
SNOMED,420270002,Ketoacidosis due to type 1 diabetes mellitus (disorder),,
SNOMED,429409005,History of malignant neoplasm of tongue (situation),,
SNOMED,429410000,History of malignant neoplasm of esophagus (situation),,
SNOMED,439470001,Arteriovenous fistula (disorder),,
SNOMED,442076002,Early satiety (finding),,
SNOMED,444897001,Hypoplasia of mandibular bone (disorder),,
SNOMED,4.81E+11,Strain of hamstring muscle (disorder),,
SNOMED,54956002,Gastrostomy (procedure),,
SNOMED,60113004,Disorder of eyelid (disorder),,
SNOMED,6655004,Acute laryngitis (disorder),,
SNOMED,67569000,Neonatal bronchopulmonary dysplasia (disorder),,
SNOMED,788946007,Glaucoma due to eye inflammation (disorder),,
SNOMED,80142000,Perforation of nasal septum (disorder),,
SNOMED,105995000,Disorder of teeth AND/OR supporting structures (disorder),,
SNOMED,126880001,Neoplasm of kidney (disorder),,
SNOMED,128287004,Chronic peptic ulcer (disorder),,
SNOMED,165563002,Coagulation/bleeding tests abnormal (finding),,
SNOMED,206292002,Meconium aspiration syndrome (disorder),,
SNOMED,225100009,Replacing dentures (regime/therapy),,
SNOMED,225307000,Special observation (regime/therapy),,
SNOMED,235917005,Sclerosing cholangitis (disorder),,
SNOMED,240042004,Tophus (disorder),,
SNOMED,250425007,Pregnancy test negative (finding),,
SNOMED,2506003,Early onset dysthymia (disorder),,
SNOMED,254557000,Carcinoma of body of stomach (disorder),,
SNOMED,269459004,Malignant neoplasm of lesser curvature of stomach (disorder),,
SNOMED,274708000,Abnormal sputum (finding),,
SNOMED,28590005,Chronic acquired lymphedema (disorder),,
SNOMED,296053004,Benzodiazepine overdose (disorder),,
SNOMED,29862005,Paraumbilical hernia (disorder),,
SNOMED,313297008,Moderate chronic obstructive pulmonary disease (disorder),,
SNOMED,314938000,Poor sleep pattern (finding),,
SNOMED,34063005,Homonymous hemianopia (finding),,
SNOMED,363517008,Malignant neoplasm of urinary tract proper (disorder),,
SNOMED,38280009,Hematometra (disorder),,
SNOMED,386702006,Victim of abuse (finding),,
SNOMED,402523001,Basal cell carcinoma of truncal skin (disorder),,
SNOMED,414027002,Disorder of hematopoietic structure (disorder),,
SNOMED,42284007,Administration of vaccine product containing only live attenuated Mycobacterium bovis antigen (procedure),,
SNOMED,425843001,Allogeneic peripheral blood stem cell transplant (procedure),,
SNOMED,43075005,Partial resection of colon (procedure),,
SNOMED,44402007,Loss of teeth due to extraction (disorder),,
SNOMED,444548001,Ulcerative pancolitis (disorder),,
SNOMED,46764007,Severe pre-eclampsia (disorder),,
SNOMED,47903000,Vitamin B deficiency (disorder),,
SNOMED,55833001,Disorder of bursa of shoulder region (disorder),,
SNOMED,609559001,Hereditary essential tremor (disorder),,
SNOMED,6185008,Disease caused by Helicobacter (disorder),,
SNOMED,715852004,Infection of gastrointestinal tract (disorder),,
SNOMED,72100002,Solar lentigo (disorder),,
SNOMED,73774007,Subacute bacterial endocarditis (disorder),,
SNOMED,74883004,Thoracic aortic aneurysm without rupture (disorder),,
SNOMED,76318008,Disorder of tendon of shoulder region (disorder),,
SNOMED,77465005,Transplantation to recipient (procedure),,
SNOMED,79573009,Accident while engaged in household activity (event),,
SNOMED,805002,Pneumoconiosis caused by silica (disorder),,
SNOMED,89355001,"Discectomy for intervertebral herniated disc, nucleus pulposus (procedure)",,
SNOMED,90325002,Vomiting of pregnancy (disorder),,
SNOMED,93797001,Primary malignant neoplasm of female genital organ (disorder),,
SNOMED,208759001,Closed traumatic dislocation acromioclavicular joint (disorder),,
SNOMED,20944008,Congenital postural scoliosis (disorder),,
SNOMED,27194006,Corneal edema (disorder),,
SNOMED,34615008,Hemospermia (finding),,
SNOMED,42643001,Disorder of urinary bladder (disorder),,
SNOMED,429280009,History of amputation of foot (situation),,
SNOMED,53929009,Mass of scrotum (finding),,
SNOMED,5913000,Fracture of neck of femur (disorder),,
SNOMED,1.17891E+14,Focal onset aware epileptic seizure (finding),,
SNOMED,1354830000,Unequal length of lower limbs due to acquired shortening (disorder),,
SNOMED,169083003,Magnetic resonance imaging scan abnormal (finding),,
SNOMED,188243001,Malignant neoplasm of posterior wall of urinary bladder (disorder),,
SNOMED,197092000,Hemorrhage of large intestine co-occurrent and due to diverticular disease of large intestine (disorder),,
SNOMED,197433003,Polyp of gallbladder (disorder),,
SNOMED,202964000,Non-traumatic rupture of Achilles tendon (disorder),,
SNOMED,23560001,Asperger's disorder (disorder),,
SNOMED,24121004,Insomnia disorder related to another mental disorder (disorder),,
SNOMED,254609000,Carcinoma of ampulla of Vater (disorder),,
SNOMED,255109008,Transitional cell carcinoma of urinary bladder (disorder),,
SNOMED,25821008,Focal glomerular sclerosis (disorder),,
SNOMED,26284000,Ulcer of mouth (disorder),,
SNOMED,263233008,"Closed fracture of femur, distal end (disorder)",,
SNOMED,269083002,Closed Colles' fracture (disorder),,
SNOMED,300863000,Mass of axilla (finding),,
SNOMED,309080005,Thyroid stimulating hormone level above reference range (finding),,
SNOMED,33262002,Osteoarthrosis involving multiple sites but not designated as generalized (disorder),,
SNOMED,363414004,Malignant neoplasm of rectosigmoid junction (disorder),,
SNOMED,395218007,Implantation of internal cardiac defibrillator (procedure),,
SNOMED,39629007,Pyogenic granuloma of skin (disorder),,
SNOMED,400153009,Aggressive fibromatosis of abdomen (disorder),,
SNOMED,413439005,Acute ischemic heart disease (disorder),,
SNOMED,423849004,Iliotibial band friction syndrome (disorder),,
SNOMED,427970008,Subclinical hyperthyroidism (disorder),,
SNOMED,43797002,Stricture of bile duct (disorder),,
SNOMED,440299000,Mass of thoracic structure (finding),,
SNOMED,444562008,Preoperative pulmonary examination (procedure),,
SNOMED,47270006,Hypercortisolism (disorder),,
SNOMED,54097007,White blood cell disorder (disorder),,
SNOMED,55705006,Spinal arthrodesis (procedure),,
SNOMED,563001,Nystagmus (disorder),,
SNOMED,57713008,Inflammation of vocal cord (disorder),,
SNOMED,63363004,Superior vena cava syndrome (disorder),,
SNOMED,69787006,Contusion of finger (disorder),,
SNOMED,71192002,Peritoneal dialysis (procedure),,
SNOMED,8635005,Alcohol withdrawal delirium (disorder),,
SNOMED,91855006,"Acute leukemia, disease (disorder)",,
SNOMED,95545007,Hemorrhagic diarrhea (disorder),,
SNOMED,95898004,Tick bite (disorder),,
SNOMED,1.06768E+16,Hypoxemic respiratory failure (disorder),,
SNOMED,11387009,Organic mental disorder caused by psychoactive substance (disorder),,
SNOMED,1144279009,Fitting of complete denture (procedure),,
SNOMED,1217136003,Tonic-clonic epileptic seizure (finding),,
SNOMED,1217209006,Generalized onset tonic-clonic epileptic seizure (finding),,
SNOMED,1269102002,Fetal disorder due to maternal disorder during pregnancy (disorder),,
SNOMED,1269103007,Early neonatal disorder due to maternal disorder during pregnancy (disorder),,
SNOMED,1365937006,Failed attempted medical induction of labor (situation),,
SNOMED,161523006,History of respiratory disease (situation),,
SNOMED,161677002,History of replacement of heart valve with prosthesis (situation),,
SNOMED,168092006,Amniotic fluid -meconium stain (finding),,
SNOMED,169584000,Antenatal care: poor obstetric history (situation),,
SNOMED,171012002,Pre-pregnancy education (procedure),,
SNOMED,176795006,Subtotal abdominal hysterectomy (procedure),,
SNOMED,194131002,Convergence insufficiency (disorder),,
SNOMED,194984004,"Aortic stenosis, non-rheumatic (disorder)",,
SNOMED,195381005,Non-neoplastic nevus (disorder),,
SNOMED,196757008,Gastrointestinal disorder caused by drug (disorder),,
SNOMED,199111004,Urinary tract infection following delivery (disorder),,
SNOMED,208444006,Closed fracture finger proximal phalanx (disorder),,
SNOMED,208450001,Closed fracture finger middle phalanx (disorder),,
SNOMED,233838001,Acute posterior myocardial infarction (disorder),,
SNOMED,242575009,Accident due to exposure to weather conditions (event),,
SNOMED,247348008,Tenderness (finding),,
SNOMED,276549000,Neonatal physiological jaundice (finding),,
SNOMED,286895009,Carcinoma of upper outer quadrant of breast (disorder),,
SNOMED,299042006,Weakness of hand (finding),,
SNOMED,307138004,Spondylolisthesis L5/S1 level (disorder),,
SNOMED,313085000,Relationship counseling (procedure),,
SNOMED,3.29671E+14,Traumatic subarachnoid hemorrhage with loss of consciousness (disorder),,
SNOMED,34536000,Amniocentesis (procedure),,
SNOMED,362969004,Disorder of endocrine system (disorder),,
SNOMED,373426005,Epithelial basement membrane dystrophy (disorder),,
SNOMED,40617009,Artificial ventilation (regime/therapy),,
SNOMED,41088001,Administration of vaccine product containing only Neisseria meningitidis antigen (procedure),,
SNOMED,414492009,Infective eczematoid dermatitis (disorder),,
SNOMED,427794001,Primary focal hyperhidrosis (disorder),,
SNOMED,427909005,Chronic recurrent sinusitis (disorder),,
SNOMED,428257007,Fracture of tibial plateau (disorder),,
SNOMED,429192004,Rheumatoid arthritis of foot (disorder),,
SNOMED,441668002,Drug seeking behavior (finding),,
SNOMED,443961001,Malignant adenomatous neoplasm (disorder),,
SNOMED,47534009,Decompression of median nerve (procedure),,
SNOMED,49916007,Chronic duodenal ulcer with perforation (disorder),,
SNOMED,5781000,Operation on nasal septum (procedure),,
SNOMED,58250006,Scalding pain on urination (finding),,
SNOMED,58497009,Tardy ulnar nerve palsy (finding),,
SNOMED,67599009,Pulmonary congestion (disorder),,
SNOMED,68913001,Alpha thalassemia (disorder),,
SNOMED,713703005,Gastroparesis due to type 2 diabetes mellitus (disorder),,
SNOMED,76201007,Mechanical ptosis (disorder),,
SNOMED,771083005,Pain in upper arm (finding),,
SNOMED,86276007,Bleeding gums (finding),,
SNOMED,87021001,Mechanical vitrectomy by pars plana approach (procedure),,
SNOMED,91967007,Benign neoplasm of adrenal gland (disorder),,
SNOMED,111374002,Pseudocyst of pancreas (disorder),,
SNOMED,127021009,Neoplasm of adrenal gland (disorder),,
SNOMED,31097004,Post poliomyelitis syndrome (disorder),,
SNOMED,389098007,Anoxic encephalopathy (disorder),,
SNOMED,415082004,History of primary malignant neoplasm of lung (situation),,
SNOMED,56905009,Perforation of intestine (disorder),,
SNOMED,63198006,Chondromalacia (disorder),,
SNOMED,87317003,Respiratory arrest (disorder),,
SNOMED,1297194009,History of substance use disorder (situation),,
SNOMED,161415006,History of poliomyelitis (situation),,
SNOMED,193994000,Congenital nasolacrimal duct obstruction (disorder),,
SNOMED,194287004,Recurrent acute otitis media (disorder),,
SNOMED,197870000,Acontractile detrusor (disorder),,
SNOMED,204821009,Congenital malformation of genital organs (disorder),,
SNOMED,22121000,Depressed bipolar I disorder in full remission (disorder),,
SNOMED,229811005,Foot callus (disorder),,
SNOMED,230736007,Transient global amnesia (finding),,
SNOMED,235760009,Radiation proctitis (disorder),,
SNOMED,235875008,Alcoholic hepatitis (disorder),,
SNOMED,239739005,Contracture of knee joint (disorder),,
SNOMED,246544003,Focal to bilateral tonic-clonic epileptic seizure (finding),,
SNOMED,247441003,Erythema (finding),,
SNOMED,2528003,Viremia (finding),,
SNOMED,263029007,Dislocation of patellofemoral joint (disorder),,
SNOMED,266570005,Redundant prepuce and phimosis (disorder),,
SNOMED,271813007,Petechiae (disorder),,
SNOMED,283062009,Abrasion of skin of lower limb (disorder),,
SNOMED,285310000,Carcinoma of anal canal (disorder),,
SNOMED,30188007,Alpha-1-antitrypsin deficiency (disorder),,
SNOMED,309527000,Mass of lower limb (finding),,
SNOMED,398151007,Decreased muscle tone (finding),,
SNOMED,40492006,Dysfunction of urinary bladder (finding),,
SNOMED,415105001,Placental abruption (disorder),,
SNOMED,419728003,Portal cirrhosis (disorder),,
SNOMED,425772008,Tendinitis of foot (disorder),,
SNOMED,426749004,Chronic atrial fibrillation (disorder),,
SNOMED,43854003,Abnormal retraction of eyelid (disorder),,
SNOMED,443520009,Chondrosarcoma (disorder),,
SNOMED,444486008,Exposure to Hepatitis B virus (event),,
SNOMED,47099006,Irregular astigmatism (disorder),,
SNOMED,48880000,Postcoital bleeding (finding),,
SNOMED,58075000,Contusion of toe (disorder),,
SNOMED,71642004,Fracture of skull (disorder),,
SNOMED,74699008,Foreign body in nose (disorder),,
SNOMED,76865005,Closed fracture of distal phalanx of finger (disorder),,
SNOMED,77956009,Steinert myotonic dystrophy syndrome (disorder),,
SNOMED,815008,Episcleritis (disorder),,
SNOMED,83536006,Stenosis of cervix (disorder),,
SNOMED,8442000,Purulent rhinitis (disorder),,
SNOMED,86981007,Infective otitis externa (disorder),,
SNOMED,90927000,Refractive amblyopia (disorder),,
SNOMED,95575002,Obstruction of pelviureteric junction (disorder),,
SNOMED,102866000,Abnormal urine (finding),,
SNOMED,102891000,Age-related cognitive decline (finding),,
SNOMED,105376000,Transesophageal echocardiography (procedure),,
SNOMED,10847001,Bronchoscopy (procedure),,
SNOMED,111266001,Acquired scoliosis (disorder),,
SNOMED,113127005,Kidney transplant evaluation (procedure),,
SNOMED,1255020004,"Combined substance dependence, excluding opioid, in remission (disorder)",,
SNOMED,1264281001,Laceration of tendon of forearm (disorder),,
SNOMED,126926005,Neoplasm of breast (disorder),,
SNOMED,128209004,Chronic inflammatory demyelinating polyradiculoneuropathy (disorder),,
SNOMED,15902003,Gastric ulcer with hemorrhage (disorder),,
SNOMED,160392000,Family history: Breast disease (situation),,
SNOMED,161679004,History of artificial joint (situation),,
SNOMED,165517008,Neutropenia (finding),,
SNOMED,165781001,Syphilis titer detected (finding),,
SNOMED,169741004,Breastfed (finding),,
SNOMED,191765005,Emotionally unstable personality disorder (disorder),,
SNOMED,191895007,Nondependent harmful pattern of use of cannabis in remission (disorder),,
SNOMED,196001008,Chronic obstructive pulmonary disease with acute lower respiratory infection (disorder),,
SNOMED,197764002,Non-obstructive reflux-associated chronic pyelonephritis (disorder),,
SNOMED,202332000,Glenoid labrum tear (disorder),,
SNOMED,206356004,Neonatal candidiasis of perineum (disorder),,
SNOMED,21574003,Repair of aneurysm of abdominal aorta with graft (procedure),,
SNOMED,218034006,"Accidents caused by knives, swords and daggers (event)",,
SNOMED,225372007,Total parenteral nutrition (regime/therapy),,
SNOMED,230577008,Mononeuropathy due to diabetes mellitus (disorder),,
SNOMED,231489001,Acute transient psychotic disorder (disorder),,
SNOMED,233527006,Central venous cannula insertion (procedure),,
SNOMED,233606009,Atypical pneumonia (disorder),,
SNOMED,233994002,Dissection of thoracic aorta (disorder),,
SNOMED,23426006,Measurement of respiratory function (procedure),,
SNOMED,234532001,Immunodeficiency disorder (disorder),,
SNOMED,235741002,Perforation of small intestine (disorder),,
SNOMED,23713006,Contusion of cerebral cortex (disorder),,
SNOMED,239918008,Undifferentiated connective tissue disease (disorder),,
SNOMED,24420007,Sigmoidoscopy (procedure),,
SNOMED,246545002,Generalized onset epileptic seizure (finding),,
SNOMED,249785006,Tibial torsion (finding),,
SNOMED,267369002,Simple goiter (disorder),,
SNOMED,28550007,Congenital capsular cataract (disorder),,
SNOMED,29303009,Electrocardiographic procedure (procedure),,
SNOMED,299698007,Feeding poor (finding),,
SNOMED,301034006,Fracture of greater trochanter (disorder),,
SNOMED,309710005,Lumbosacral strain (disorder),,
SNOMED,310605004,Fibrous histiocytoma of tendon sheath (disorder),,
SNOMED,34730008,Primate erythroparvovirus 1 infection (disorder),,
SNOMED,372120003,Carcinoma of main bronchus (disorder),,
SNOMED,373081007,Malignant neoplasm of lower outer quadrant of breast (disorder),,
SNOMED,38365000,"Peptic ulcer without hemorrhage, without perforation AND without obstruction (disorder)",,
SNOMED,386762009,Corpus luteum cyst (disorder),,
SNOMED,386807006,Memory impairment (finding),,
SNOMED,395204000,Hyperosmolar non-ketotic state due to type 2 diabetes mellitus (disorder),,
SNOMED,399923009,Rheumatoid arthritis with arteritis (disorder),,
SNOMED,400200009,Ingrowing toenail (disorder),,
SNOMED,401303003,Acute ST segment elevation myocardial infarction (disorder),,
SNOMED,402408009,Acute urticaria (disorder),,
SNOMED,40283005,Thrombophlebitis of superficial veins of lower extremity (disorder),,
SNOMED,408546009,Coronary artery bypass graft occlusion (disorder),,
SNOMED,414474001,Incisional hernia of anterior abdominal wall (disorder),,
SNOMED,414861001,No evidence of recurrence of cancer (situation),,
SNOMED,418120006,Fluoroscopic hysterosalpingography with contrast (procedure),,
SNOMED,420120006,Gastrointestinal stromal tumor (disorder),,
SNOMED,42786005,Snapping thumb syndrome (disorder),,
SNOMED,42810003,Major depression in remission (disorder),,
SNOMED,43029002,Abnormal posture (finding),,
SNOMED,4412009,Injury of digital nerve (disorder),,
SNOMED,444356002,Exposure to Human immunodeficiency virus (event),,
SNOMED,473023007,Complication associated with device (disorder),,
SNOMED,49176002,Arteriosclerotic gangrene (disorder),,
SNOMED,54441004,Fracture of shaft of femur (disorder),,
SNOMED,70582006,Scar of skin (disorder),,
SNOMED,712470002,Endoscopic retrograde cholangiopancreatography using fluoroscopic guidance with contrast (procedure),,
SNOMED,73452002,Abscess of lung (disorder),,
SNOMED,735645009,Contusion of head (disorder),,
SNOMED,79184009,Trabeculation of urinary bladder (disorder),,
SNOMED,79268002,"Polyneuropathy, organomegaly, endocrinopathy, monoclonal gammopathy, and skin changes syndrome (disorder)",,
SNOMED,80645004,Chronic mastoiditis (disorder),,
SNOMED,80712009,Congenital spondylolysis of lumbosacral region (disorder),,
SNOMED,82062003,Congenital hydrocele (disorder),,
SNOMED,82276009,Poisoning caused by antidepressant (disorder),,
SNOMED,88415009,Mycobacteriosis (disorder),,
SNOMED,13045009,Anisocoria (disorder),,
SNOMED,165474009,"Microcytosis, red cells (finding)",,
SNOMED,2055003,Recurrent erosion of cornea (disorder),,
SNOMED,230698000,Lacunar infarction (disorder),,
SNOMED,33927004,Hypogonadotropic hypogonadism (disorder),,
SNOMED,48123002,Contusion of wrist (disorder),,
SNOMED,109245003,Cellulitis of periorbital region (disorder),,
SNOMED,111224002,Derangement of meniscus of knee joint (disorder),,
SNOMED,116859006,Transfusion of blood product (procedure),,
SNOMED,125593007,Injury of face (disorder),,
SNOMED,131078003,Testosterone level below reference range (finding),,
SNOMED,16644004,Radial neuropathy (disorder),,
SNOMED,194005002,Orbital cellulitis (disorder),,
SNOMED,195029002,Cardiomyopathy associated with another disorder (disorder),,
SNOMED,208892001,Closed traumatic dislocation of hip (disorder),,
SNOMED,210323002,Open wound of scalp (disorder),,
SNOMED,238389005,Boils of multiple sites (disorder),,
SNOMED,271823003,Tachypnea (finding),,
SNOMED,274085008,Tonsil carcinoma (disorder),,
SNOMED,274141009,Tendon contracture (disorder),,
SNOMED,275453008,Foreign body - finger (disorder),,
SNOMED,280816001,Facial palsy (disorder),,
SNOMED,298772001,Shoulder joint deformity (finding),,
SNOMED,30233002,Swallowing painful (finding),,
SNOMED,308546005,Dissection of aorta (disorder),,
SNOMED,30880003,Trabeculectomy ab externo (procedure),,
SNOMED,3502005,Cervical lymphadenitis (disorder),,
SNOMED,37214009,Alternating exotropia (disorder),,
SNOMED,38160000,Abnormal voice (finding),,
SNOMED,392481002,Chandler syndrome (disorder),,
SNOMED,39423001,Stuttering (finding),,
SNOMED,417357006,Sickling disorder due to hemoglobin S (disorder),,
SNOMED,42116007,Prolapse of vaginal vault after hysterectomy (disorder),,
SNOMED,428090004,Mass of urinary bladder (finding),,
SNOMED,429011007,Family history of malignant neoplasm of lung (situation),,
SNOMED,43144004,Cyst of jaw (disorder),,
SNOMED,43240000,Diarrhea of presumed infectious origin (disorder),,
SNOMED,444735002,Instability of pelvic floor (disorder),,
SNOMED,444899003,Pain in forearm (finding),,
SNOMED,4854004,Acquired hemolytic anemia (disorder),,
SNOMED,48721008,Quadriplegic cerebral palsy (disorder),,
SNOMED,50127006,Tibialis tendinitis (disorder),,
SNOMED,53295002,Chronic otitis externa (disorder),,
SNOMED,59883002,Cellulitis of abdominal wall (disorder),,
SNOMED,6025007,Laparoscopic appendectomy (procedure),,
SNOMED,67754003,Aortic valve sclerosis (disorder),,
SNOMED,79733001,Amputation above-knee (procedure),,
SNOMED,81642009,Disorder due to and following spinal cord injury (disorder),,
SNOMED,88850006,Chronic pansinusitis (disorder),,
SNOMED,90128006,Photosensitivity (finding),,
SNOMED,92401003,Benign neoplasm of soft tissues of upper limb (disorder),,
SNOMED,104374007,"Hepatitis A virus antibody, total measurement (procedure)",,
SNOMED,10893003,Tuberculous adenitis (disorder),,
SNOMED,109266006,Melanoma in situ of skin (disorder),,
SNOMED,1145155005,Lead and/or lead compound poisoning (disorder),,
SNOMED,1156014009,Acquired deformity of hip joint (disorder),,
SNOMED,1156015005,Acquired deformity of hip region (disorder),,
SNOMED,1348218001,Nondependent harmful pattern of mixed substance use in remission (disorder),,
SNOMED,15848008,Noninflammatory disorder of broad ligament (disorder),,
SNOMED,161671001,History of liver recipient (situation),,
SNOMED,17433009,Ruptured ectopic pregnancy (disorder),,
SNOMED,17759006,Rheumatic aortic stenosis with regurgitation (disorder),,
SNOMED,182678001,Allergen immunotherapy (regime/therapy),,
SNOMED,194727002,Non-rheumatic mitral valve stenosis (disorder),,
SNOMED,197604006,Nephrotic syndrome in amyloidosis (disorder),,
SNOMED,197794008,Staghorn calculus (disorder),,
SNOMED,201340008,Pigmented skin lesion (disorder),,
SNOMED,206345004,Neonatal dacryocystitis and conjunctivitis (disorder),,
SNOMED,212454006,Traumatic rupture of lumbar intervertebral disc (disorder),,
SNOMED,217839002,Accidentally struck by falling object (event),,
SNOMED,218247007,Late effect of motor vehicle accident (disorder),,
SNOMED,22668006,Subglottic stenosis (disorder),,
SNOMED,232147001,Anisometropic amblyopia (disorder),,
SNOMED,232658009,Double lung transplant (procedure),,
SNOMED,23268009,Malingering (finding),,
SNOMED,237138004,Menopause ovarian failure (disorder),,
SNOMED,243306000,Ureteroileostomy (procedure),,
SNOMED,247442005,Broken skin (disorder),,
SNOMED,25766007,Mixed receptive-expressive language disorder (disorder),,
SNOMED,268479002,Incomplete placenta at delivery (finding),,
SNOMED,269183000,"Open wound of foot, excluding toe(s) (disorder)",,
SNOMED,269716005,Accident caused by machinery (event),,
SNOMED,271428004,"Schizoaffective disorder, manic type (disorder)",,
SNOMED,271481007,Hemangioma of skin and subcutaneous tissue (disorder),,
SNOMED,271687003,Swelling of scrotum (finding),,
SNOMED,276444007,Generalized pruritus (finding),,
SNOMED,278853003,Acute schizophrenia-like psychotic disorder (disorder),,
SNOMED,279066007,Pain of joint of foot (finding),,
SNOMED,28154007,Abnormal female sexual function (finding),,
SNOMED,28189009,Mobitz type II atrioventricular block (disorder),,
SNOMED,282026002,Injury of soft tissue (disorder),,
SNOMED,285055002,Does use hearing aid (finding),,
SNOMED,292196008,Antineoplastic adverse reaction (disorder),,
SNOMED,298349001,Soft tissue swelling (finding),,
SNOMED,301345002,Difficulty sleeping (finding),,
SNOMED,309538000,Numbness of foot (finding),,
SNOMED,314966008,Local recurrence of malignant neoplasm of rectum (disorder),,
SNOMED,34227000,Computed tomography of brain (procedure),,
SNOMED,34711008,Traction detachment of retina (disorder),,
SNOMED,38941006,Neuroleptic-induced tardive dyskinesia (disorder),,
SNOMED,395692003,Benign paraproteinemia (disorder),,
SNOMED,399165002,Burning mouth syndrome (disorder),,
SNOMED,402818009,Basal cell carcinoma of nose (disorder),,
SNOMED,409673008,Alanine aminotransferase above reference range (finding),,
SNOMED,414581006,Laryngopharyngeal reflux (disorder),,
SNOMED,418576007,Harvesting of peripheral blood stem cells (procedure),,
SNOMED,423683008,Refractory migraine with aura (disorder),,
SNOMED,43381005,Passive smoker (finding),,
SNOMED,440028005,Permanent atrial fibrillation (disorder),,
SNOMED,441924001,Gestational age unknown (finding),,
SNOMED,441980007,Complete quadriplegia due to spinal cord lesion between fifth and seventh cervical vertebra (disorder),,
SNOMED,443333004,Medulloblastoma (disorder),,
SNOMED,443937008,Mixed glioma (disorder),,
SNOMED,45356009,Closed fracture of one rib (disorder),,
SNOMED,4661003,Calculus of bile duct with obstruction (disorder),,
SNOMED,46894009,Gestational diabetes mellitus class A2 (disorder),,
SNOMED,49120005,Retroperitoneal fibrosis (disorder),,
SNOMED,53043001,Primary idiopathic dilated cardiomyopathy (disorder),,
SNOMED,55804002,"History and physical examination, administrative (procedure)",,
SNOMED,58949002,Tubo-ovarian abscess (disorder),,
SNOMED,609428000,Fetal damage from maternal infectious disorder (disorder),,
SNOMED,62382002,"Calcinosis, Raynaud's phenomenon, sclerodactyly, and telangiectasia syndrome (disorder)",,
SNOMED,64228003,Paralysis of diaphragm (disorder),,
SNOMED,64455005,Fracture of acetabulum (disorder),,
SNOMED,64552006,Noninflammatory disorder of fallopian tube (disorder),,
SNOMED,65587001,Congenital anomaly of cerebrovascular system (disorder),,
SNOMED,719860006,Acute infectious conjunctivitis (disorder),,
SNOMED,73998008,Prolapse of female genital organs (disorder),,
SNOMED,75148009,Employment problem (finding),,
SNOMED,75993002,Atrophic vulvovaginitis (disorder),,
SNOMED,767658000,Neutropenia due to and following chemotherapy (disorder),,
SNOMED,78737005,Frontal sinusitis (disorder),,
SNOMED,79734007,Noninflammatory disorder of ovary (disorder),,
SNOMED,80402001,Implantation of venous access port (procedure),,
SNOMED,80585000,Intolerant of cold (finding),,
SNOMED,82353009,Congenital infectious disease (disorder),,
SNOMED,93934004,Primary malignant neoplasm of ovary (disorder),,
SNOMED,428883008,Rupture of tendon of biceps (disorder),,
SNOMED,429513001,Rupture of Achilles tendon (disorder),,
SNOMED,85828009,Autoimmune disease (disorder),,
SNOMED,116241004,Pancreaticoduodenectomy (procedure),,
SNOMED,118944007,Disorder of shoulder region (disorder),,
SNOMED,1297128004,History of alcohol use disorder (situation),,
SNOMED,14366000,Exposure keratoconjunctivitis (disorder),,
SNOMED,15220000,Laboratory test (procedure),,
SNOMED,15258001,Subclavian steal syndrome (disorder),,
SNOMED,171007003,Counseling for bereavement (procedure),,
SNOMED,193030005,Migraine variants (disorder),,
SNOMED,194118007,Partial oculomotor nerve palsy (disorder),,
SNOMED,197928006,Chronic urinary tract infection (disorder),,
SNOMED,217710005,Congenital iodine deficiency syndrome (disorder),,
SNOMED,235719002,Intolerance to food (finding),,
SNOMED,238192002,Repair of ventral hernia (procedure),,
SNOMED,249939004,Proximal muscle weakness (finding),,
SNOMED,253185002,Chiari malformation type I (disorder),,
SNOMED,266158001,Intertrigo caused by Candida (disorder),,
SNOMED,268360001,Visual testing (procedure),,
SNOMED,274668005,Non-cardiac chest pain (finding),,
SNOMED,278257006,Peripheral blood stem cell transplantation (procedure),,
SNOMED,282776008,Injury of toe (disorder),,
SNOMED,28769004,Osteomyelitis of ankle AND/OR foot (disorder),,
SNOMED,288939007,Difficulty swallowing (finding),,
SNOMED,29164008,Disturbance in speech (finding),,
SNOMED,299037003,Swelling of hand (finding),,
SNOMED,363458004,Malignant neoplasm of ureter (disorder),,
SNOMED,404684003,Clinical finding (finding),,
SNOMED,409623005,Respiratory insufficiency (disorder),,
SNOMED,414603003,Leukoplakia of oral mucosa (disorder),,
SNOMED,441630004,Aphasia as late effect of cerebrovascular disease (disorder),,
SNOMED,447894003,Sepsis caused by Staphylococcus (disorder),,
SNOMED,4598005,Osteomalacia (disorder),,
SNOMED,49346003,Closed blow out fracture of orbital floor (disorder),,
SNOMED,49699002,Rheumatic disease of tricuspid valve (disorder),,
SNOMED,68226007,Acute cystitis (disorder),,
SNOMED,75817003,Cellulitis of breast (disorder),,
SNOMED,82196007,Vascular insufficiency of intestine (disorder),,
SNOMED,91109007,Gastric varices (disorder),,
SNOMED,94360002,Metastatic malignant neoplasm to kidney (disorder),,
SNOMED,95677002,Disorder of vision (disorder),,
SNOMED,107938000,Small intestine excision (procedure),,
SNOMED,1085006,Candidiasis of vulva (disorder),,
SNOMED,109728009,Defective dental restoration (finding),,
SNOMED,110270004,Sequela of infection caused by Human poliovirus (disorder),,
SNOMED,1197600008,Closed anterior dislocation of glenohumeral joint (disorder),,
SNOMED,11999007,Inactive tuberculosis (finding),,
SNOMED,125596004,Injury of elbow (disorder),,
SNOMED,126713003,Neoplasm of lung (disorder),,
SNOMED,126906006,Neoplasm of prostate (disorder),,
SNOMED,127225006,Chronic myelomonocytic leukemia (disorder),,
SNOMED,133864008,Lithotripsy (procedure),,
SNOMED,13714004,Arthroscopy (procedure),,
SNOMED,161548009,History of urinary stone (situation),,
SNOMED,171387006,School admission medical examination (procedure),,
SNOMED,188239000,Malignant neoplasm of trigone of urinary bladder (disorder),,
SNOMED,191997003,Persistent insomnia (disorder),,
SNOMED,19267009,Lupus anticoagulant disorder (disorder),,
SNOMED,195176009,Nontraumatic intracranial subdural hemorrhage (disorder),,
SNOMED,197247001,Enterocutaneous fistula (disorder),,
SNOMED,197926005,Postoperative urinary tract infection (disorder),,
SNOMED,198319004,Enlarged uterus (finding),,
SNOMED,2032001,Cerebral edema (disorder),,
SNOMED,203936004,Lumbar spina bifida with hydrocephalus (disorder),,
SNOMED,204357006,Ebstein's anomaly of tricuspid valve (disorder),,
SNOMED,208634001,Closed fracture distal tibia (disorder),,
SNOMED,21584002,Syndrome of infant of diabetic mother (disorder),,
SNOMED,218246003,Late effect of accidental injury (disorder),,
SNOMED,228146008,Personal care impairment (finding),,
SNOMED,228147004,Gross motor impairment (finding),,
SNOMED,230297002,Multiple system atrophy (disorder),,
SNOMED,231477003,Dependence on diamorphine (disorder),,
SNOMED,232188001,Tympanoplasty with mastoidectomy (procedure),,
SNOMED,232350006,Allergy to dust mite protein (finding),,
SNOMED,23238000,Common variable agammaglobulinemia (disorder),,
SNOMED,236258004,Needle biopsy of prostate (procedure),,
SNOMED,237632004,Hypoglycemic event due to diabetes (disorder),,
SNOMED,26636000,Sudden death (event),,
SNOMED,268017000,Acute osteomyelitis of ankle and/or foot (disorder),,
SNOMED,269476000,Nodular lymphoma (disorder),,
SNOMED,271903000,History of pregnancy (situation),,
SNOMED,274724004,Localized edema (finding),,
SNOMED,275335003,Ruptured Achilles tendon - traumatic (disorder),,
SNOMED,275538002,History of anemia (situation),,
SNOMED,276079004,Partnership problems (finding),,
SNOMED,283782004,Cat bite - wound (disorder),,
SNOMED,289917002,History of neoplasm of urinary bladder (situation),,
SNOMED,2929001,Occlusion of artery (disorder),,
SNOMED,300513000,Lesion of penis (disorder),,
SNOMED,301864002,Transient synovitis of hip (disorder),,
SNOMED,302111002,Ileostomy present (finding),,
SNOMED,302847003,Rhabdomyosarcoma (disorder),,
SNOMED,307649006,Microglioma (disorder),,
SNOMED,31446002,"Bipolar I disorder, most recent episode hypomanic (disorder)",,
SNOMED,314965007,Local recurrence of malignant neoplasm of colon (disorder),,
SNOMED,315353005,Posterior subcapsular cataract (disorder),,
SNOMED,35183001,Acute transudative otitis media (disorder),,
SNOMED,35874009,Normal labor (finding),,
SNOMED,359648001,"Acute myeloid leukemia with maturation, FAB M2 (disorder)",,
SNOMED,371060002,Visual loss after cataract extraction (disorder),,
SNOMED,37151006,Erythromelalgia (disorder),,
SNOMED,372140005,Carcinoma of gallbladder (disorder),,
SNOMED,398049005,Mixed collagen vascular disease (disorder),,
SNOMED,40068008,Hydroureteronephrosis (disorder),,
SNOMED,40122008,Pneumoconiosis (disorder),,
SNOMED,407451003,Herpes simplex type 1 infection (disorder),,
SNOMED,41788008,Hereditary factor IX deficiency disease (disorder),,
SNOMED,424647005,Cramp in limb (finding),,
SNOMED,426263006,Congestive heart failure due to left ventricular systolic dysfunction (disorder),,
SNOMED,426508001,Ileal pouchitis (disorder),,
SNOMED,430347001,Diverticulitis of cecum (disorder),,
SNOMED,441456002,Polyp (disorder),,
SNOMED,441547007,History of chronic urinary tract infection (situation),,
SNOMED,441975003,Mass of tongue (finding),,
SNOMED,445493000,Closed fracture of vault of skull (disorder),,
SNOMED,45154002,Glycosuria (finding),,
SNOMED,49706007,Neonatal acne (disorder),,
SNOMED,56060000,Repair of musculotendinous cuff of shoulder (procedure),,
SNOMED,56578002,Moderate smoker (20 or less per day) (finding),,
SNOMED,56713002,Dysfunction of eustachian tube (disorder),,
SNOMED,60331006,Abnormal auditory perception (disorder),,
SNOMED,61462000,Malaria (disorder),,
SNOMED,62507009,Pins and needles (finding),,
SNOMED,63988001,Intermittent exotropia (disorder),,
SNOMED,64109004,Costal chondritis (disorder),,
SNOMED,64121000,Peptic ulcer with hemorrhage (disorder),,
SNOMED,66123000,Ulcer on tongue (disorder),,
SNOMED,66569006,Retained dental root (disorder),,
SNOMED,68019004,Recurrent major depression in remission (disorder),,
SNOMED,70204006,Closed fracture of fifth metatarsal bone (disorder),,
SNOMED,74142004,Feeding disorder of infancy OR early childhood (disorder),,
SNOMED,7456000,Poisoning due to sting of wasp (disorder),,
SNOMED,76105009,Cyclothymia (disorder),,
SNOMED,8220004,Endocervical polyp (disorder),,
SNOMED,86481000,Laparotomy (procedure),,
SNOMED,87049008,Disorder of phosphorus metabolism (disorder),,
SNOMED,87513003,Herpes zoster ophthalmicus (disorder),,
SNOMED,88151007,Keratoconjunctivitis (disorder),,
SNOMED,89700002,Shoulder girdle dystocia (disorder),,
SNOMED,897004000,Esophageal varices due to cirrhosis of liver (disorder),,
SNOMED,91434003,Pulmonic valve regurgitation (disorder),,
SNOMED,92260003,Benign neoplasm of ovary (disorder),,
SNOMED,92376005,Benign neoplasm of skin of shoulder (disorder),,
SNOMED,92382008,Benign neoplasm of skin of upper limb (disorder),,
SNOMED,93197009,Malignant lymphoma of lymph nodes of multiple sites (disorder),,
SNOMED,1.06779E+16,Localized swelling of abdominal wall (finding),,
SNOMED,119247004,Hypoalbuminemia (disorder),,
SNOMED,1234750000,Dilated cardiomyopathy caused by ethanol (disorder),,
SNOMED,125663008,Open wound of foot (disorder),,
SNOMED,129823000,Childhood growth AND/OR development alteration (finding),,
SNOMED,161765003,Past pregnancy history of premature delivery (situation),,
SNOMED,16631009,Transverse myelopathy syndrome (disorder),,
SNOMED,17382005,Cervical incompetence (disorder),,
SNOMED,187791002,Malignant neoplasm of body of pancreas (disorder),,
SNOMED,197284004,Chronic active hepatitis (disorder),,
SNOMED,204470001,Single umbilical artery (disorder),,
SNOMED,230292008,Secondary parkinsonism (disorder),,
SNOMED,233917008,Atrioventricular block (disorder),,
SNOMED,235866006,Acute hepatitis C (disorder),,
SNOMED,23645006,Organic mood disorder (disorder),,
SNOMED,239866002,Osteoarthritis of elbow (disorder),,
SNOMED,239868001,Osteoarthritis of finger joint (disorder),,
SNOMED,268163008,Congenital ptosis (disorder),,
SNOMED,274754009,Pelvic swelling (finding),,
SNOMED,276603001,Perinatal disorder of growth and/or development (disorder),,
SNOMED,281398003,Groin mass (finding),,
SNOMED,314955001,Local recurrence of malignant neoplasm of breast (disorder),,
SNOMED,33595009,Arachnoid cyst (disorder),,
SNOMED,33688009,Cholestasis (finding),,
SNOMED,363367000,Malignant neoplasm of vulva (disorder),,
SNOMED,363425008,Malignant neoplasm of maxillary sinus (disorder),,
SNOMED,367403001,Pyloric stenosis (disorder),,
SNOMED,37340000,Motor neuron disease (disorder),,
SNOMED,40100001,Obliterative bronchiolitis (disorder),,
SNOMED,402410006,Symptomatic dermographism (disorder),,
SNOMED,423341008,Edema of optic disc (disorder),,
SNOMED,445457002,Hyperplasia of maxillary bone (disorder),,
SNOMED,449505005,Sepsis caused by coagulase negative Staphylococcus (disorder),,
SNOMED,66948001,Cleft palate with cleft lip (disorder),,
SNOMED,67787004,Tongue tie (disorder),,
SNOMED,708090002,Acute severe exacerbation of asthma (disorder),,
SNOMED,713704004,Gastroparesis due to diabetes mellitus (disorder),,
SNOMED,73861008,Polyp of duodenum (disorder),,
SNOMED,74732009,Mental disorder (disorder),,
SNOMED,7847004,Cheilitis (disorder),,
SNOMED,813001,Ankle instability (finding),,
SNOMED,81608000,Insomnia disorder related to known organic factor (disorder),,
SNOMED,86030004,Secondary physiologic amenorrhea (finding),,
SNOMED,86489003,Idiopathic peripheral autonomic neuropathy (disorder),,
SNOMED,86555001,Cystic fibrosis of the lung (disorder),,
SNOMED,91947003,Asymptomatic human immunodeficiency virus infection (disorder),,
SNOMED,104285006,Measurement of Helicobacter pylori antibody (procedure),,
SNOMED,105530003,Living in residential institution (finding),,
SNOMED,105997008,Disorder of biliary tract (disorder),,
SNOMED,107963000,Excision of liver (procedure),,
SNOMED,109371002,Overlapping malignant neoplasm of bronchus and lung (disorder),,
SNOMED,109889007,Ductal carcinoma in situ of breast (disorder),,
SNOMED,111485001,Mixed bipolar I disorder in full remission (disorder),,
SNOMED,1186639007,Pressure injury of lumbar region of back (disorder),,
SNOMED,12184005,Visual field defect (finding),,
SNOMED,1261007,Fracture of multiple ribs (disorder),,
SNOMED,13758004,Paraphimosis (disorder),,
SNOMED,160297008,Family history: neoplasm of ovary (situation),,
SNOMED,160469004,Family history: Allergy (situation),,
SNOMED,161416007,History of malaria (situation),,
SNOMED,161689000,History of gastrostomy (situation),,
SNOMED,169229007,Dating/booking ultrasound scan (procedure),,
SNOMED,171182009,Thyroid disorder screening (procedure),,
SNOMED,17182001,Agranulocytosis (disorder),,
SNOMED,172532006,Yttrium-aluminum-garnet laser capsulotomy of lens (procedure),,
SNOMED,17532001,Breech malpresentation successfully converted to cephalic presentation (disorder),,
SNOMED,17901006,Primary hyperoxaluria (disorder),,
SNOMED,18085000,Compulsive gambling (disorder),,
SNOMED,191604000,"Single major depressive episode, severe, with psychosis (disorder)",,
SNOMED,192046006,Brief depressive adjustment reaction (disorder),,
SNOMED,195474004,Esophageal varices associated with another disorder (disorder),,
SNOMED,200682008,Cellulitis and abscess of ankle (disorder),,
SNOMED,202900007,Synovitis and tenosynovitis (disorder),,
SNOMED,203465002,Bone cyst (disorder),,
SNOMED,21333004,Derangement of lateral meniscus (disorder),,
SNOMED,217157004,Fall on same level from stumbling (event),,
SNOMED,217848007,Accidentally struck by or against objects or persons (event),,
SNOMED,22631008,Unsteady when walking (finding),,
SNOMED,231839000,Complete obstruction of lacrimal canaliculus (disorder),,
SNOMED,233962007,Critical lower limb ischemia (disorder),,
SNOMED,235599003,Eosinophilic esophagitis (disorder),,
SNOMED,236053002,Sliding hiatus hernia (disorder),,
SNOMED,240197007,Stress fracture (disorder),,
SNOMED,247146001,Macular pigment deposit (disorder),,
SNOMED,247434009,Wrinkled skin (finding),,
SNOMED,247824007,Fear of becoming fat (finding),,
SNOMED,249297006,Spasm of urinary bladder (finding),,
SNOMED,253737007,Congenital laryngomalacia (disorder),,
SNOMED,253826001,Embryonic cyst of broad ligament (disorder),,
SNOMED,254901000,Prostatic intraepithelial neoplasia (disorder),,
SNOMED,255072001,Malignant neoplasm of salivary gland (disorder),,
SNOMED,263197004,Fracture of radial neck (disorder),,
SNOMED,268019002,Chronic osteomyelitis of ankle and/or foot (disorder),,
SNOMED,269578002,Malignant melanoma of head and neck (disorder),,
SNOMED,269581007,Malignant melanoma of lower limb (disorder),,
SNOMED,274412005,Eye disorder screening (procedure),,
SNOMED,276507005,Fetal death (event),,
SNOMED,276544005,Apnea of prematurity (disorder),,
SNOMED,276952000,Squamous cell carcinoma of tongue (disorder),,
SNOMED,276975007,Carcinoma of larynx (disorder),,
SNOMED,287007001,Rheumatoid arthritis of hand joint (disorder),,
SNOMED,298591003,Scoliosis of lumbar spine (disorder),,
SNOMED,29885006,Sacroiliac instability (finding),,
SNOMED,299033004,Deformity of hand (finding),,
SNOMED,301191003,Lesion of nose (disorder),,
SNOMED,303194003,Metastasis to head and neck lymph node (disorder),,
SNOMED,307115002,Homozygous Factor V Leiden mutation (disorder),,
SNOMED,307233002,Erosion of stomach with hemorrhage (disorder),,
SNOMED,307418008,Noninfective enteritis and colitis (disorder),,
SNOMED,307502000,Squamous cell carcinoma of mouth (disorder),,
SNOMED,309535002,Industrial accident (event),,
SNOMED,312444006,Spastic paraparesis (finding),,
SNOMED,314022009,Obstruction of nasolacrimal duct (disorder),,
SNOMED,3291007,Closed fracture of two ribs (disorder),,
SNOMED,33496007,Reconstruction of breast (procedure),,
SNOMED,34781003,Vertebral artery syndrome (disorder),,
SNOMED,35363006,Infantile colic (finding),,
SNOMED,359612003,Implantation of cochlear prosthetic device (procedure),,
SNOMED,363353009,Malignant neoplasm of gallbladder (disorder),,
SNOMED,363379000,Malignant neoplasm of parotid gland (disorder),,
SNOMED,363413005,Malignant neoplasm of splenic flexure (disorder),,
SNOMED,371037005,Systolic dysfunction (finding),,
SNOMED,386556002,Repair of middle ear (procedure),,
SNOMED,386822001,Adjustment reaction of adolescence (disorder),,
SNOMED,398019008,Perineal laceration during delivery (disorder),,
SNOMED,403194002,Solar erythema (disorder),,
SNOMED,403906006,Metastatic squamous cell carcinoma (disorder),,
SNOMED,406137001,Adult victim of abuse (finding),,
SNOMED,408642003,Transitional cell carcinoma of kidney (disorder),,
SNOMED,415112005,Plasmacytoma (disorder),,
SNOMED,419153005,Nodular goiter (disorder),,
SNOMED,423125000,Closed fracture of bone (disorder),,
SNOMED,428281000,Malignant neoplasm of bone (disorder),,
SNOMED,429285004,History of reconstruction of anterior cruciate ligament tear (situation),,
SNOMED,429656004,Late effect of traumatic injury to brain (disorder),,
SNOMED,43498006,Body fluid retention (finding),,
SNOMED,438773007,Recurrent pulmonary embolism (disorder),,
SNOMED,441935006,Loss of all teeth (disorder),,
SNOMED,441971007,Chronic left-sided ulcerative colitis (disorder),,
SNOMED,44216000,"Retained products of conception, following delivery with hemorrhage (disorder)",,
SNOMED,443906008,Bypass of stomach with short limb Roux-en-Y gastroenterostomy (procedure),,
SNOMED,444588006,Endovascular repair of abdominal aortic aneurysm (procedure),,
SNOMED,445456006,Mass of submandibular region (finding),,
SNOMED,449619004,Swelling of upper arm (finding),,
SNOMED,45704003,At increased risk for noncompliance (finding),,
SNOMED,45993005,Cholecystectomy with exploration of common duct (procedure),,
SNOMED,47100003,Anemia of prematurity (disorder),,
SNOMED,47411002,Implantation of penile prosthesis (procedure),,
SNOMED,49453006,Cerebral herniation (disorder),,
SNOMED,50216001,Replacement of mitral valve with tissue graft (procedure),,
SNOMED,51476001,Nasopharyngitis (disorder),,
SNOMED,52404001,Mastoiditis (disorder),,
SNOMED,52931009,Thrombosed internal hemorrhoids (disorder),,
SNOMED,53442002,Excision of stomach structure (procedure),,
SNOMED,53772007,Vitreous detachment (disorder),,
SNOMED,54609002,Ulcer of rectum (disorder),,
SNOMED,59913009,"Gastric ulcer without hemorrhage, without perforation AND without obstruction (disorder)",,
SNOMED,60342002,Movement disorder (disorder),,
SNOMED,60698006,Hemorrhagic esophagitis (disorder),,
SNOMED,60713008,Burn of neck (disorder),,
SNOMED,63249007,Manic bipolar I disorder in partial remission (disorder),,
SNOMED,63332003,History AND physical examination (procedure),,
SNOMED,64009001,Basilar artery syndrome (disorder),,
SNOMED,68675004,Degeneration of thoracic intervertebral disc (disorder),,
SNOMED,699213001,Pressure injury of dorsum of foot (disorder),,
SNOMED,70611002,Perinatal intraventricular hemorrhage (disorder),,
SNOMED,712893003,Traumatic or non-traumatic injury of back (disorder),,
SNOMED,714751007,Inflammatory disorder of bone of jaw (disorder),,
SNOMED,72556006,Injury of trigeminal nerve (disorder),,
SNOMED,73161006,Transverse lie (disorder),,
SNOMED,7339009,Polyneuropathy caused by drug (disorder),,
SNOMED,74949007,Infestation caused by Anoplura (disorder),,
SNOMED,75084000,Severe major depression without psychotic features (disorder),,
SNOMED,75572007,Polyradiculopathy (disorder),,
SNOMED,77797009,Hereditary corneal dystrophy (disorder),,
SNOMED,82998009,Moderate manic bipolar I disorder (disorder),,
SNOMED,84466009,Dependent personality disorder (disorder),,
SNOMED,86477000,Total hysterectomy with removal of both tubes and ovaries (procedure),,
SNOMED,91419009,Closed fracture of forearm (disorder),,
SNOMED,94350006,Metastatic malignant neoplasm to intrapelvic lymph nodes (disorder),,
SNOMED,94513006,Metastatic malignant neoplasm to rectum (disorder),,
SNOMED,95689000,Retinal deposits (disorder),,
SNOMED,12204004,Closed fracture of multiple ribs (disorder),,
SNOMED,11296007,Stenosis of trachea (disorder),,
SNOMED,1145003,Developmental speech disorder (disorder),,
SNOMED,161501007,History of hypertension (situation),,
SNOMED,161525004,History of pneumonia (situation),,
SNOMED,172132001,Enucleation of eyeball (procedure),,
SNOMED,186658007,Coxsackie virus disease (disorder),,
SNOMED,201938008,Traumatic arthropathy of the ankle and/or foot (disorder),,
SNOMED,202888004,Anterior tibial stress syndrome (disorder),,
SNOMED,232723004,Coronary artery bypass grafts x 5 (procedure),,
SNOMED,233983001,Ruptured cerebral aneurysm (disorder),,
SNOMED,235159007,Percutaneous endoscopic insertion of gastrostomy tube (procedure),,
SNOMED,237072009,Endometrial hyperplasia (disorder),,
SNOMED,239431009,Reconstruction of anterior cruciate ligament of knee joint (procedure),,
SNOMED,247153005,Retinal drusen (finding),,
SNOMED,249590007,Abdominal bruit (finding),,
SNOMED,266609001,Female infertility due to anovulation (disorder),,
SNOMED,298164009,Inflammation of joint of wrist (finding),,
SNOMED,300246005,Lesion of tongue (disorder),,
SNOMED,309430005,Excision of skin tag (procedure),,
SNOMED,31177006,"Attention deficit hyperactivity disorder, combined type (disorder)",,
SNOMED,314516007,Preseptal cellulitis (disorder),,
SNOMED,38742007,Central retinal artery occlusion (disorder),,
SNOMED,387778001,Purpuric disorder (disorder),,
SNOMED,38804009,Turner syndrome (disorder),,
SNOMED,398061002,Vaginal enterocele (disorder),,
SNOMED,404029005,Neurofibroma (disorder),,
SNOMED,428667005,History of reduction of breast (situation),,
SNOMED,429046004,History of sustained ventricular tachycardia (situation),,
SNOMED,443439001,Malignant fibrous histiocytoma (disorder),,
SNOMED,443892003,Neuroma (disorder),,
SNOMED,47020004,Ventriculoperitoneal shunt (procedure),,
SNOMED,65118005,Marital problems (finding),,
SNOMED,65553006,Aspergillosis (disorder),,
SNOMED,68653001,Anal pain (finding),,
SNOMED,700046006,Carious exposure of pulp (disorder),,
SNOMED,70272006,Malignant hypertension (disorder),,
SNOMED,72925005,Congenital cystic disease of liver (disorder),,
SNOMED,76746007,Cardiovascular stress testing (procedure),,
SNOMED,832007,Moderate major depression (disorder),,
SNOMED,84416003,Contusion of thigh (disorder),,
SNOMED,8920006,Repair of retina for retinal detachment (procedure),,
SNOMED,90070003,Pneumothorax due to trauma (disorder),,
SNOMED,10132008,Burns of multiple sites (disorder),,
SNOMED,10197000,Psychiatric interview and evaluation (procedure),,
SNOMED,102558002,Edema of the upper extremity (finding),,
SNOMED,105419003,Academic underachievement (finding),,
SNOMED,110265006,Postoperative hemorrhage (disorder),,
SNOMED,110979008,Irritant contact dermatitis (disorder),,
SNOMED,111653006,Sprain of sacroiliac region (disorder),,
SNOMED,112066009,Absent renal function (disorder),,
SNOMED,115966001,Occupational disorder (disorder),,
SNOMED,1179398000,Maternal perinatal infection (disorder),,
SNOMED,12337004,Disorder of uterus (disorder),,
SNOMED,123785006,Immunoglobulin G subclass deficiency (finding),,
SNOMED,126944002,Brain disorder resulting from a period of impaired oxygen delivery to the brain (disorder),,
SNOMED,127787002,Administration of vaccine product containing only Haemophilus influenzae type b antigen (procedure),,
SNOMED,1381730000,Perinatal fetal and/or neonatal infection (disorder),,
SNOMED,160302006,Family history: Thyroid disorder (situation),,
SNOMED,161468000,History of schizophrenia (situation),,
SNOMED,165624002,Serum iron above reference range (finding),,
SNOMED,170544002,Requires a meningitis vaccination (finding),,
SNOMED,171219003,Ear disorder screening (procedure),,
SNOMED,17383000,Toxic effect of carbon monoxide (disorder),,
SNOMED,189179009,Craniopharyngioma (disorder),,
SNOMED,190631007,Vitamin B-complex deficiency (disorder),,
SNOMED,192007009,Short-sleeper (finding),,
SNOMED,193042000,Cataplexy and narcolepsy (disorder),,
SNOMED,195949008,Chronic asthmatic bronchitis (disorder),,
SNOMED,198336007,Noninflammatory cervical disorder (disorder),,
SNOMED,200724002,Umbilical granuloma (disorder),,
SNOMED,202482009,Pain of joint of wrist (finding),,
SNOMED,202907005,Tenosynovitis of ankle (disorder),,
SNOMED,205135003,Radial polydactyly (disorder),,
SNOMED,207753003,"Fracture of mandible, closed (disorder)",,
SNOMED,21638000,Acute periodontitis (disorder),,
SNOMED,219346009,Injury of unknown intent due to fall from height (disorder),,
SNOMED,226007004,Post-surgical wound care (regime/therapy),,
SNOMED,228320001,Habitual drinker (finding),,
SNOMED,229844004,Deformity of foot (finding),,
SNOMED,233815004,Persistent neonatal pulmonary hypertension (disorder),,
SNOMED,235753003,Microscopic colitis (disorder),,
SNOMED,23717007,Benign essential hypertension complicating AND/OR reason for care during pregnancy (disorder),,
SNOMED,237569006,Uninodular goiter (disorder),,
SNOMED,240301009,Neonatal breastfeeding problem (finding),,
SNOMED,241686001,Dual energy X-ray absorptiometry (procedure),,
SNOMED,242840004,Self poisoning caused by carbon monoxide (disorder),,
SNOMED,243791004,Viral screening (procedure),,
SNOMED,248036002,Problematic behavior in children (finding),,
SNOMED,249097002,Footling breech presentation (finding),,
SNOMED,254645002,Malignant mesothelioma of pleura (disorder),,
SNOMED,26045000,Chronic allergic conjunctivitis (disorder),,
SNOMED,2615004,Follicular cyst of ovary (disorder),,
SNOMED,267433009,Pure hyperglyceridemia (disorder),,
SNOMED,275881005,History of sexually transmitted disease (situation),,
SNOMED,277879009,Autonomic neuropathy (disorder),,
SNOMED,281029006,Well man health examination (procedure),,
SNOMED,282191000,Laminotomy for decompression and exploration (procedure),,
SNOMED,283363006,Laceration of lip (disorder),,
SNOMED,283497000,Puncture wound of skin (disorder),,
SNOMED,283734005,Dog bite - wound (disorder),,
SNOMED,284220000,Burn of genitalia (disorder),,
SNOMED,29608009,Acute epiglottitis (disorder),,
SNOMED,300894000,Parental anxiety (finding),,
SNOMED,301822002,Abnormal vaginal bleeding (finding),,
SNOMED,307651005,Primary myelofibrosis (disorder),,
SNOMED,308153009,Closed fracture of distal fibula (disorder),,
SNOMED,30935000,Manic bipolar I disorder in full remission (disorder),,
SNOMED,310647000,Anemia secondary to renal failure (disorder),,
SNOMED,312373008,Femoral false aneurysm (disorder),,
SNOMED,313296004,Mild chronic obstructive pulmonary disease (disorder),,
SNOMED,314208002,Rapid atrial fibrillation (disorder),,
SNOMED,315016007,At increased risk of coronary heart disease (finding),,
SNOMED,31892009,Hemothorax (disorder),,
SNOMED,34649000,Closed fracture of malar AND/OR maxillary bones (disorder),,
SNOMED,35688006,Complication of medical care (disorder),,
SNOMED,35868009,Carcinoid syndrome (disorder),,
SNOMED,371806006,Progressive angina (disorder),,
SNOMED,372003004,Primary malignant neoplasm of pancreas (disorder),,
SNOMED,372010005,Primary malignant neoplasm of soft tissues (disorder),,
SNOMED,373080008,Malignant neoplasm of lower inner quadrant of breast (disorder),,
SNOMED,38106008,Crohn's disease of ileum (disorder),,
SNOMED,385006,Secondary peripheral neuropathy (disorder),,
SNOMED,396544001,Cesarean wound disruption (disorder),,
SNOMED,398696001,Congenital pigmented melanocytic nevus (disorder),,
SNOMED,401141001,Parental concern about child (finding),,
SNOMED,403149008,Spider bite wound (disorder),,
SNOMED,40505001,Orthoptic training (regime/therapy),,
SNOMED,416209007,Synovitis (disorder),,
SNOMED,420514000,Persistent proteinuria due to type 1 diabetes mellitus (disorder),,
SNOMED,427247008,Hearing assessment (procedure),,
SNOMED,427892008,History of amputation of lesser toe (situation),,
SNOMED,428642007,History of radical retropubic prostatectomy (situation),,
SNOMED,430852001,"Severe major depression, single episode, with psychotic features (disorder)",,
SNOMED,432525007,Mass of head (finding),,
SNOMED,443165006,Osteoporotic fracture of bone (disorder),,
SNOMED,444547006,Graft versus host disease of skin (disorder),,
SNOMED,444569004,Aneurysm of infrarenal abdominal aorta (disorder),,
SNOMED,445514005,Helicobacter pylori antibody above reference range (finding),,
SNOMED,44771000,Microcalcifications of the breast (disorder),,
SNOMED,49232000,Chronic peptic ulcer with hemorrhage (disorder),,
SNOMED,4997005,Thyrotoxicosis factitia (disorder),,
SNOMED,51292008,Hepatorenal syndrome (disorder),,
SNOMED,52184009,Parent-child problem (finding),,
SNOMED,53467004,Anxiety disorder of childhood (disorder),,
SNOMED,54016002,Mobitz type I incomplete atrioventricular block (disorder),,
SNOMED,56062008,Repair of sliding inguinal hernia (procedure),,
SNOMED,56283009,Transplantation of small intestine (procedure),,
SNOMED,5689008,Chronic periodontitis (disorder),,
SNOMED,57748001,Bleeding ulcer of esophagus (disorder),,
SNOMED,59582004,Hepatitis B core antibody measurement (procedure),,
SNOMED,6058003,Residual foreign body in soft tissue (disorder),,
SNOMED,6072007,Bleeding from anus (disorder),,
SNOMED,62564004,Concussion with loss of consciousness (disorder),,
SNOMED,64309007,Trigeminal nerve disorder (disorder),,
SNOMED,65017003,Hereditary peripheral neuropathy (disorder),,
SNOMED,65710008,Acute respiratory failure (disorder),,
SNOMED,65911000,Hepatitis B surface antibody measurement (procedure),,
SNOMED,6698000,Closed trimalleolar fracture (disorder),,
SNOMED,68142008,Contusion of upper limb (disorder),,
SNOMED,71897006,Venous stasis (finding),,
SNOMED,73149003,Encopresis with constipation AND overflow incontinence (finding),,
SNOMED,772139001,Obstructed left femoral hernia (disorder),,
SNOMED,772140004,Obstructed right femoral hernia (disorder),,
SNOMED,77343006,Angiography (procedure),,
SNOMED,785744001,Bronchitis co-occurrent with acute wheeze (disorder),,
SNOMED,785745000,Acute bronchitis co-occurrent with wheeze (disorder),,
SNOMED,79369007,Complication of transplanted pancreas (disorder),,
SNOMED,85598007,Constrictive pericarditis (disorder),,
SNOMED,8874001,Arthroscopy of knee with medial and lateral meniscectomy (procedure),,
SNOMED,90460009,Injury of neck (disorder),,
SNOMED,92370004,Benign neoplasm of skin of lower limb (disorder),,
SNOMED,9283009,Second degree uterine prolapse (disorder),,
SNOMED,93225001,Malignant melanoma of skin of face (disorder),,
SNOMED,94459006,Metastatic malignant neoplasm to pancreas (disorder),,
SNOMED,95540002,Hemorrhage of colon (disorder),,
SNOMED,95717004,Secondary glaucoma (disorder),,
SNOMED,1287521003,Avascular necrosis of neck of femur (disorder),,
SNOMED,156329007,Seborrheic dermatitis of scalp (disorder),,
SNOMED,1658003,Closed fracture of acromial end of clavicle (disorder),,
SNOMED,193114000,Phantom limb (disorder),,
SNOMED,194781004,Hypertensive heart and renal disease with both (congestive) heart failure and renal failure (disorder),,
SNOMED,197232005,Anorectal pain (finding),,
SNOMED,198279007,Lax vaginal introitus (finding),,
SNOMED,201831003,"Localized, primary osteoarthritis of the shoulder region (disorder)",,
SNOMED,202480001,Pain of joint of elbow (finding),,
SNOMED,231816006,Laceration of eyelid (disorder),,
SNOMED,235110008,Odontogenic cyst (disorder),,
SNOMED,236104004,Stricture of anastomosis of gastrointestinal tract (disorder),,
SNOMED,239783001,Post-infective arthritis (disorder),,
SNOMED,239865003,Osteoarthritis of acromioclavicular joint (disorder),,
SNOMED,240205003,Synovial cyst (disorder),,
SNOMED,267096005,Frontal headache (finding),,
SNOMED,30913008,Disorder of iron metabolism (disorder),,
SNOMED,31871009,"Infection AND/OR inflammatory reaction due to internal prosthetic device, implant AND/OR graft (disorder)",,
SNOMED,31908003,Vaginal dryness (disorder),,
SNOMED,36760000,Hepatosplenomegaly (disorder),,
SNOMED,402296004,Pityriasis alba (disorder),,
SNOMED,415125002,Pneumocystosis jirovecii pneumonia (disorder),,
SNOMED,425596001,Spastic neurogenic urinary bladder (finding),,
SNOMED,429196001,Partial obstruction of small bowel (disorder),,
SNOMED,43486001,Hemiplegic cerebral palsy (disorder),,
SNOMED,44268007,Retinoschisis (disorder),,
SNOMED,473158006,History of live donor partial hepatectomy (situation),,
SNOMED,58103005,Perianal fistula (disorder),,
SNOMED,60404007,Cerebral abscess (disorder),,
SNOMED,62745008,Injury of ulnar nerve (disorder),,
SNOMED,71111008,Glaucoma of childhood (disorder),,
SNOMED,71325002,Lipodystrophy (disorder),,
SNOMED,74036000,Pregnancy detection examination (procedure),,
SNOMED,78370002,Scleritis (disorder),,
SNOMED,79879001,Breath smells unpleasant (finding),,
SNOMED,82562007,Osteochondritis dissecans (disorder),,
SNOMED,874804000,Contusion of head and/or neck (disorder),,
SNOMED,92813000,Chronic lymphoid leukemia in remission (disorder),,
SNOMED,93651008,Malignant melanoma of skin of trunk (disorder),,
SNOMED,1010568002,Undescended left testicle (disorder),,
SNOMED,1010569005,Undescended right testicle (disorder),,
SNOMED,105529008,Lives alone (finding),,
SNOMED,1.06289E+16,Gastroenteritis caused by influenza virus (disorder),,
SNOMED,109957002,Drug-induced purpura (disorder),,
SNOMED,111245009,Compartment syndrome (disorder),,
SNOMED,111255008,Avascular necrosis of capital femoral epiphysis (disorder),,
SNOMED,112811009,Closure of atrial septal defect (procedure),,
SNOMED,1149334009,Acute intoxication (disorder),,
SNOMED,11612004,Chorioamnionitis (disorder),,
SNOMED,125668004,Contusion of face (disorder),,
SNOMED,1263630007,Fetal disorder due to transverse lie during labor (disorder),,
SNOMED,1263646004,Pediatric locking of interphalangeal joint of thumb (disorder),,
SNOMED,1269321004,Fitting of denture (procedure),,
SNOMED,1269322006,Insertion of denture (procedure),,
SNOMED,129831005,Noncompliance with diagnostic testing (finding),,
SNOMED,13595002,Torsion of ovary (disorder),,
SNOMED,1373542005,Myelitis caused by Influenza virus (disorder),,
SNOMED,160402005,Family history: Diabetes in pregnancy (situation),,
SNOMED,160474007,Family history: Atopy (situation),,
SNOMED,161450003,History of raised blood lipids (situation),,
SNOMED,161626009,History of splenectomy (situation),,
SNOMED,162145001,Vulval pain (finding),,
SNOMED,165079009,Exercise tolerance test (procedure),,
SNOMED,182836005,Review of medication (procedure),,
SNOMED,188637007,Sézary's disease of lymph nodes of multiple sites (disorder),,
SNOMED,190331003,Hyperosmolar coma due to type 2 diabetes mellitus (disorder),,
SNOMED,1912002,Fall (event),,
SNOMED,191689008,Active infantile autism (disorder),,
SNOMED,191832007,"Cocaine dependence, episodic (disorder)",,
SNOMED,19311003,Collagenous colitis (disorder),,
SNOMED,193600001,Cataract due to ocular disease (disorder),,
SNOMED,193722001,"Low vision, both eyes (disorder)",,
SNOMED,195929004,Influenza with gastrointestinal tract involvement (disorder),,
SNOMED,19660004,Disorder of soft tissue (disorder),,
SNOMED,197458008,Acute recurrent pancreatitis (disorder),,
SNOMED,19850005,Acute gastric ulcer with perforation (disorder),,
SNOMED,201077008,Asteatotic eczema (disorder),,
SNOMED,202776005,Cervical root syndrome (disorder),,
SNOMED,203522001,Osteolysis (disorder),,
SNOMED,20427003,Postphlebitic syndrome (disorder),,
SNOMED,207687004,Intracranial injury co-occurrent and due to closed fracture of vault of skull (disorder),,
SNOMED,211311003,Foreign body in hand (disorder),,
SNOMED,232214001,Cellulitis of pinna (disorder),,
SNOMED,233927002,Cardiac arrest with successful resuscitation (disorder),,
SNOMED,235049008,Oral lichen planus (disorder),,
SNOMED,235796008,Perianal Crohn's disease (disorder),,
SNOMED,237044002,Chronic pelvic inflammatory disease (disorder),,
SNOMED,238699007,Post-inflammatory hyperpigmentation (disorder),,
SNOMED,239734000,Contracture of elbow joint (disorder),,
SNOMED,239832006,Calcium pyrophosphate deposition disease (disorder),,
SNOMED,240244006,Acquired deformity of joint of foot (disorder),,
SNOMED,2403008,Psychoactive substance dependence (disorder),,
SNOMED,240711004,Diaper candidiasis (disorder),,
SNOMED,241820008,Bee sting (disorder),,
SNOMED,242374007,Accidental exposure to metallic lead (event),,
SNOMED,248589007,Clearing throat - hawking (finding),,
SNOMED,253212001,Epiblepharon (disorder),,
SNOMED,255032005,Medullary thyroid carcinoma (disorder),,
SNOMED,255166003,Benign neoplasm of respiratory system (disorder),,
SNOMED,255196008,Adenomatous polyp of cervix uteri (disorder),,
SNOMED,25540007,Tooth loss (finding),,
SNOMED,25924004,Calculus of gallbladder with cholecystitis (disorder),,
SNOMED,262975009,Strain of tendon of back (disorder),,
SNOMED,266162007,Enterobiasis (disorder),,
SNOMED,275468009,Congenital quadriplegia (disorder),,
SNOMED,276853009,Self inflicted injury (disorder),,
SNOMED,27717006,Abscess of scrotum (disorder),,
SNOMED,277571004,B-cell acute lymphoblastic leukemia (disorder),,
SNOMED,277622004,Mucosa-associated lymphoma (disorder),,
SNOMED,277764006,Posterior fusion of lumbar spine (procedure),,
SNOMED,28078000,Closed fracture of shaft of bone of forearm (disorder),,
SNOMED,282028001,Multiple-resistant Staphylococcus aureus infection (disorder),,
SNOMED,283033008,Superficial injury of forearm (disorder),,
SNOMED,285663000,Removal of bone screw from bone (procedure),,
SNOMED,287065007,Pathological fracture - upper arm (disorder),,
SNOMED,28743005,Productive cough (finding),,
SNOMED,289439005,Fetal heart rate absent (finding),,
SNOMED,289517005,Vaginal lesion (disorder),,
SNOMED,298494008,Scoliosis of thoracic spine (disorder),,
SNOMED,299989006,Infection of toe (disorder),,
SNOMED,301000005,Left lower zone pneumonia (disorder),,
SNOMED,301001009,Right lower zone pneumonia (disorder),,
SNOMED,308896002,Secondary hemorrhage postprocedure (disorder),,
SNOMED,309789002,Encephalitis caused by influenza virus (disorder),,
SNOMED,33129002,Postmastectomy lymphedema syndrome (disorder),,
SNOMED,33439002,Enthesopathy of wrist AND/OR carpus (disorder),,
SNOMED,35252006,Disorganized schizophrenia (disorder),,
SNOMED,37323009,Recurrent herpes simplex (disorder),,
SNOMED,373435003,Battey disease (disorder),,
SNOMED,385486001,Postoperative complication (disorder),,
SNOMED,386211005,Disorder of function of stomach (disorder),,
SNOMED,386340006,Intravenous therapy (regime/therapy),,
SNOMED,387740003,Removal of ovarian cyst (procedure),,
SNOMED,38936003,Blood pressure outside reference range (finding),,
SNOMED,390833005,Osteoporosis caused by corticosteroid (disorder),,
SNOMED,394877006,Family history: Alzheimer's disease (situation),,
SNOMED,398033008,Death of relative (event),,
SNOMED,398155003,Chronic anterior uveitis (disorder),,
SNOMED,398878007,Sprain of ligament (disorder),,
SNOMED,402820007,Basal cell carcinoma of ear (disorder),,
SNOMED,40568001,Recurrent brief depressive disorder (disorder),,
SNOMED,408512008,Body mass index 40+ - severely obese (finding),,
SNOMED,408760009,Vision screening (procedure),,
SNOMED,409667007,Pathological fracture of femur (disorder),,
SNOMED,40987004,Intermittent explosive disorder (disorder),,
SNOMED,414292006,Fracture of lower leg (disorder),,
SNOMED,415295002,Restrictive cardiomyopathy (disorder),,
SNOMED,420057003,Accidental poisoning caused by carbon monoxide (disorder),,
SNOMED,422840005,Mass lesion of brain (finding),,
SNOMED,422868009,Unexplained weight loss (finding),,
SNOMED,423284006,Squamous cell carcinoma of skin of neck (disorder),,
SNOMED,425011002,Allergic fungal sinusitis (disorder),,
SNOMED,42513006,Punctate keratitis (disorder),,
SNOMED,425369003,Chronic progressive renal failure (disorder),,
SNOMED,425395001,Active living will (finding),,
SNOMED,4273008,Closed posterior dislocation of elbow (disorder),,
SNOMED,427589004,Complicated grieving (finding),,
SNOMED,428046009,History of non-Hodgkins lymphoma (situation),,
SNOMED,428875002,Recurrent bacterial infection (disorder),,
SNOMED,428982002,Dependence on hemodialysis due to end stage renal disease (finding),,
SNOMED,432328008,Neuroblastoma (disorder),,
SNOMED,438505003,Strain of trapezius muscle (disorder),,
SNOMED,441088002,Atypical squamous cells on cervical Papanicolaou smear cannot exclude high grade squamous intraepithelial lesion (finding),,
SNOMED,442347009,Emotional stress (finding),,
SNOMED,442693003,Atherosclerosis of autologous vein bypass graft of limb (disorder),,
SNOMED,443261008,Oxyphilic adenocarcinoma (disorder),,
SNOMED,44337006,Incision of gallbladder (procedure),,
SNOMED,443496006,Enchondroma of bone (disorder),,
SNOMED,443643007,Ependymoma (disorder),,
SNOMED,444563003,Exposure to Hepatitis C virus (event),,
SNOMED,46975003,Organic mental disorder caused by cocaine (disorder),,
SNOMED,52298009,Linear sebaceous nevus sequence (disorder),,
SNOMED,58648008,Benign monoclonal gammopathy (disorder),,
SNOMED,61403008,Severe depressed bipolar I disorder without psychotic features (disorder),,
SNOMED,64233004,Embryonic cyst of fimbria of fallopian tube (disorder),,
SNOMED,64917006,Parainfluenza virus pneumonia (disorder),,
SNOMED,65680009,Sensorineural hearing loss of combined sites (disorder),,
SNOMED,66379009,Bacterial overgrowth syndrome (disorder),,
SNOMED,67629009,Catheterization of left heart (procedure),,
SNOMED,67882000,Pruritus of vulva (disorder),,
SNOMED,68811000,Menopausal problem (finding),,
SNOMED,68893001,Contusion of buttock (disorder),,
SNOMED,70691001,Agoraphobia (disorder),,
SNOMED,712882000,Autonomic neuropathy due to type 1 diabetes mellitus (disorder),,
SNOMED,71984005,Mild manic bipolar I disorder (disorder),,
SNOMED,721105004,Klippel Trenaunay syndrome (disorder),,
SNOMED,738276008,Disorder of central nervous system co-occurrent and due to infection with influenza virus (disorder),,
SNOMED,74644004,Influenza with encephalopathy (disorder),,
SNOMED,75258004,Food poisoning (disorder),,
SNOMED,78046005,Myocarditis caused by influenza virus (disorder),,
SNOMED,79546008,Closed fracture of three ribs (disorder),,
SNOMED,80600003,Acute suppuration of nasal sinus (disorder),,
SNOMED,80910005,Skin sensation disturbance (finding),,
SNOMED,81120009,Functional disorder of intestine (disorder),,
SNOMED,83799000,Corrected transposition of great vessels (disorder),,
SNOMED,84282008,Simple ligature of hemorrhoid (procedure),,
SNOMED,85248005,Bipolar disorder in remission (disorder),,
SNOMED,85777005,Dacryocystitis (disorder),,
SNOMED,86356004,Unstable lie (disorder),,
SNOMED,87343002,Prinzmetal angina (disorder),,
SNOMED,87500009,Hilar lymphadenopathy (disorder),,
SNOMED,87665008,Chronic tubotympanic suppurative otitis media (disorder),,
SNOMED,87763006,Lower gastrointestinal hemorrhage (disorder),,
SNOMED,91327001,Quadriparesis (disorder),,
SNOMED,92071005,Benign neoplasm of cranial nerve (disorder),,
SNOMED,92375009,Benign neoplasm of skin of scalp (disorder),,
SNOMED,94161006,Metastatic malignant neoplasm to adrenal gland (disorder),,
SNOMED,94754000,Neoplasm of uncertain behavior of urinary bladder (disorder),,
SNOMED,95598005,Ruptured cyst of ovary (disorder),,
SNOMED,103262002,Staring (finding),,
SNOMED,116028008,Salpingo-oophorectomy (procedure),,
SNOMED,18410006,Scarred macula (disorder),,
SNOMED,197464001,Cyst and pseudocyst of pancreas (disorder),,
SNOMED,229917005,Gastrostomy feeding (regime/therapy),,
SNOMED,24782002,Hypertrophic condition of skin (disorder),,
SNOMED,266995000,History of cardiovascular disease (situation),,
SNOMED,363492001,Malignant neoplasm of peritoneum (disorder),,
SNOMED,3744001,Hyperlipoproteinemia (disorder),,
SNOMED,388982007,Onychia of toe (disorder),,
SNOMED,410289001,"Exercises education, guidance, and counseling (procedure)",,
SNOMED,428817001,Insertion of stent into ureter (procedure),,
SNOMED,428887009,Asymmetrical sensorineural hearing loss (disorder),,
SNOMED,52967002,Myelofibrosis (disorder),,
SNOMED,699211004,Pressure injury of ankle (disorder),,
SNOMED,78314001,Osteogenesis imperfecta (disorder),,
SNOMED,80711002,Narcissistic personality disorder (disorder),,
SNOMED,87778004,Sprain of hand (disorder),,
SNOMED,93870000,Malignant neoplasm of liver (disorder),,
SNOMED,10981006,Severe mixed bipolar I disorder with psychotic features (disorder),,
SNOMED,11422002,Combined form of senile cataract (disorder),,
SNOMED,11625007,Torus mandibularis (disorder),,
SNOMED,118238000,Urogenital finding (finding),,
SNOMED,118613001,Hairy cell leukemia (disorder),,
SNOMED,1263476003,Malignant neoplasm soft tissue of lower limb (disorder),,
SNOMED,1269323001,Fitting of partial denture (procedure),,
SNOMED,1269324007,Insertion of partial denture (procedure),,
SNOMED,127154008,Retroperitoneal lymphadenopathy (disorder),,
SNOMED,128187005,Vascular headache (disorder),,
SNOMED,129139009,Disorder of lumbar spine (disorder),,
SNOMED,129154003,Hematologic neoplasm (disorder),,
SNOMED,129832003,Noncompliance with dietary regimen (finding),,
SNOMED,1335859001,Early neonatal jaundice due to excessive hemolysis (disorder),,
SNOMED,134194006,Delayed union of fracture (disorder),,
SNOMED,1354667005,Disorder associated with internal fixation device (disorder),,
SNOMED,14070001,Multi-infarct dementia with depression (disorder),,
SNOMED,14336007,Ruptured abdominal aortic aneurysm (disorder),,
SNOMED,14769009,Tilt test (procedure),,
SNOMED,15238002,Esophageal bleeding (disorder),,
SNOMED,1.59712E+16,Right femoral hernia (disorder),,
SNOMED,1.59715E+16,Left femoral hernia (disorder),,
SNOMED,161129001,Learning difficulties (finding),,
SNOMED,161451004,History of gout (situation),,
SNOMED,161686007,History of ileostomy (situation),,
SNOMED,161833006,Abnormal weight gain (finding),,
SNOMED,167180005,Renal function tests outside reference range (finding),,
SNOMED,16726004,Renal osteodystrophy (disorder),,
SNOMED,16838000,Mediastinal emphysema (disorder),,
SNOMED,169582001,Antenatal care: history of stillbirth (situation),,
SNOMED,170766006,Loss of hypoglycemic warning due to diabetes mellitus (disorder),,
SNOMED,1776003,Renal tubular acidosis (disorder),,
SNOMED,178283002,Block dissection of cervical lymph nodes (procedure),,
SNOMED,18081009,Enteric campylobacteriosis (disorder),,
SNOMED,186639003,Chronic viral hepatitis B without delta-agent (disorder),,
SNOMED,187841006,Malignant neoplasm of glottis (disorder),,
SNOMED,187842004,Malignant neoplasm of supraglottis (disorder),,
SNOMED,18963009,Mood swings (finding),,
SNOMED,191636007,Mixed bipolar affective disorder (disorder),,
SNOMED,191918009,Continuous nondependent harmful pattern of use of cocaine (disorder),,
SNOMED,194785008,Secondary benign hypertension (disorder),,
SNOMED,194997002,"Pulmonary stenosis, non-rheumatic (disorder)",,
SNOMED,198047009,Torsion of appendix of testis (disorder),,
SNOMED,200125006,Infection of obstetric surgical wound (disorder),,
SNOMED,201048007,Localized morphea (disorder),,
SNOMED,202413005,Hemarthrosis of knee (disorder),,
SNOMED,202881005,Tibialis posterior tendinitis (disorder),,
SNOMED,20342001,Calculus in urethra (disorder),,
SNOMED,203438009,Vertebral osteoporosis (disorder),,
SNOMED,205294008,Neonatal hypotonia (disorder),,
SNOMED,208446008,"Closed fracture finger proximal phalanx, shaft (disorder)",,
SNOMED,213148006,Transplanted organ rejection (disorder),,
SNOMED,21877004,Osler hemorrhagic telangiectasia syndrome (disorder),,
SNOMED,230193008,Neurosarcoidosis (disorder),,
SNOMED,2304001,Discitis (disorder),,
SNOMED,230684008,Ocular myasthenia (disorder),,
SNOMED,23171006,Delayed AND/OR secondary postpartum hemorrhage (disorder),,
SNOMED,231791008,Rupture of globe (disorder),,
SNOMED,231832009,Basal cell carcinoma of eyelid (disorder),,
SNOMED,231841004,Stenosis of nasolacrimal duct (disorder),,
SNOMED,233553003,Vascular cannula removal (procedure),,
SNOMED,233839009,Old anterior myocardial infarction (disorder),,
SNOMED,233984007,Thoracoabdominal aortic aneurysm (disorder),,
SNOMED,234142008,Cerebral arteriovenous malformation (disorder),,
SNOMED,235810006,Bolus obstruction of intestine (disorder),,
SNOMED,235911006,Liver transplant rejection (disorder),,
SNOMED,236711008,Calculus in pelviureteric junction (disorder),,
SNOMED,23687008,Coronary artery spasm (disorder),,
SNOMED,239821006,Secondary inflammatory arthritis (disorder),,
SNOMED,240539000,Plane wart (disorder),,
SNOMED,247592009,Poor short-term memory (finding),,
SNOMED,249316004,Nasal deviation (finding),,
SNOMED,252030006,Dysfunctional voiding of urine (finding),,
SNOMED,255035007,Adrenal carcinoma (disorder),,
SNOMED,261827001,High anal fistula (disorder),,
SNOMED,263134008,Ligament rupture (disorder),,
SNOMED,266589005,Endometriosis of ovary (disorder),,
SNOMED,267010000,History of gastrointestinal tract bypass (situation),,
SNOMED,271721006,Symbolic dysfunction (finding),,
SNOMED,274739003,Chest swelling (finding),,
SNOMED,276622005,Epicranial subaponeurotic hemorrhage (disorder),,
SNOMED,276826005,Malignant glioma of brain (disorder),,
SNOMED,278650002,Edentulous (finding),,
SNOMED,281864001,Nontraumatic intracranial subdural hematoma (disorder),,
SNOMED,285348005,Strain of abdominal muscle (disorder),,
SNOMED,297147009,Atrophy of vagina (disorder),,
SNOMED,297946004,Lower limb nerve lesion (disorder),,
SNOMED,298012000,Wound pain (finding),,
SNOMED,300009002,Removal of acoustic neuroma (procedure),,
SNOMED,300895004,Anxiety attack (finding),,
SNOMED,30664006,"Multiple endocrine neoplasia, type 1 (disorder)",,
SNOMED,307534009,Urinary tract infection in pregnancy (disorder),,
SNOMED,310643001,Infection of intravenous catheter (disorder),,
SNOMED,311774002,Colonoscopic polypectomy (procedure),,
SNOMED,312905005,Severe nonproliferative retinopathy due to diabetes mellitus (disorder),,
SNOMED,312965008,Laser assisted in situ keratomileusis (procedure),,
SNOMED,312991009,Late onset dementia due to Lewy body disease (disorder),,
SNOMED,31301004,Chronic gastric ulcer with perforation (disorder),,
SNOMED,314515006,Papilloma of eyelid (disorder),,
SNOMED,314978007,Postoperative pneumonia (disorder),,
SNOMED,31875000,Anergy (finding),,
SNOMED,32916005,Nephrosclerosis (disorder),,
SNOMED,33528003,Bullous myringitis (disorder),,
SNOMED,35547002,Polyotia (disorder),,
SNOMED,363364007,Malignant neoplasm of soft tissue of hip (disorder),,
SNOMED,367423000,Contusion of eye (disorder),,
SNOMED,371315009,Iron deficiency anemia secondary to inadequate dietary iron intake (disorder),,
SNOMED,38526002,Vaginoscopy with biopsy of cervix (procedure),,
SNOMED,392003006,Colposcopy (procedure),,
SNOMED,397016004,Systemic mast cell disease (disorder),,
SNOMED,397760009,Tympanotomy (procedure),,
SNOMED,399194009,Disorder characterized by back pain (disorder),,
SNOMED,399244003,Disorder of pituitary gland (disorder),,
SNOMED,405525004,Repair of aneurysm of abdominal aorta (procedure),,
SNOMED,405773007,Kyphoscoliosis deformity of spine (disorder),,
SNOMED,407450002,Herpes simplex type 2 infection (disorder),,
SNOMED,410016009,Lipodermatosclerosis (disorder),,
SNOMED,413307004,Mental health problem (finding),,
SNOMED,414521009,Internal hordeolum (disorder),,
SNOMED,414943006,Open fracture of tibia AND fibula (disorder),,
SNOMED,41817002,Closure of patent foramen ovale (procedure),,
SNOMED,41944006,Amputee (finding),,
SNOMED,419567006,Delirious (finding),,
SNOMED,420436000,Mononeuropathy due to type 2 diabetes mellitus (disorder),,
SNOMED,421305000,Persistent microalbuminuria due to type 1 diabetes mellitus (disorder),,
SNOMED,422470007,Adenolymphoma (disorder),,
SNOMED,422572002,Squamous cell carcinoma of chin (disorder),,
SNOMED,423700001,Squamous cell carcinoma of auricle of ear (disorder),,
SNOMED,424553001,Uninsured medical expenses (finding),,
SNOMED,424568000,Fibroma (disorder),,
SNOMED,424890008,Unbalanced diet (finding),,
SNOMED,430985005,Bilateral sensory hearing loss (disorder),,
SNOMED,439162001,Embolism from thrombosis of vein of distal lower extremity (disorder),,
SNOMED,441509002,Cardiac pacemaker in situ (finding),,
SNOMED,441536000,Iatrogenic pneumothorax (disorder),,
SNOMED,442292004,Idiopathic hypersomnia without long sleep time (disorder),,
SNOMED,443675005,Seminoma (disorder),,
SNOMED,444412001,Willing to be donor of liver (finding),,
SNOMED,445237003,Portopulmonary hypertension (disorder),,
SNOMED,445513004,Intracranial cavernous hemangioma (disorder),,
SNOMED,45534005,Glossitis (disorder),,
SNOMED,46229002,Severe mixed bipolar I disorder without psychotic features (disorder),,
SNOMED,48631008,Pyonephrosis (disorder),,
SNOMED,50397009,Closed fracture of distal end of ulna (disorder),,
SNOMED,51387008,Acidosis (disorder),,
SNOMED,52311001,Homocystinemia (disorder),,
SNOMED,52674009,Ischemia (disorder),,
SNOMED,58690002,Parasomnia (disorder),,
SNOMED,5876000,Acquired pancytopenia (disorder),,
SNOMED,59021001,Angina decubitus (disorder),,
SNOMED,61498008,Complete external hemorrhoidectomy (procedure),,
SNOMED,6240004,Operative procedure on knee (procedure),,
SNOMED,62742006,Cradle cap (disorder),,
SNOMED,63501000,Prurigo nodularis (disorder),,
SNOMED,64576003,Abscess of buttock (disorder),,
SNOMED,64667001,Interstitial pneumonia (disorder),,
SNOMED,65551008,Radical retropubic prostatectomy (procedure),,
SNOMED,65959000,Beta thalassemia (disorder),,
SNOMED,67162002,Smells of urine (finding),,
SNOMED,70190001,Peritoneal adhesion (disorder),,
SNOMED,70422006,Acute subendocardial infarction (disorder),,
SNOMED,70759006,Pyoderma (disorder),,
SNOMED,71893005,Struck by falling object (event),,
SNOMED,7199000,Tuberous sclerosis syndrome (disorder),,
SNOMED,72621003,Chronic gingivitis (disorder),,
SNOMED,726436000,Modified radical mastectomy of right breast (procedure),,
SNOMED,726437009,Modified radical mastectomy of left breast (procedure),,
SNOMED,7293009,Heavy-for-dates at birth regardless of gestation period (disorder),,
SNOMED,73125001,Empyema of gallbladder (disorder),,
SNOMED,73442001,Stevens-Johnson syndrome (disorder),,
SNOMED,73877009,Chronic tophaceous gout (disorder),,
SNOMED,74395007,Open fracture of phalanx of foot (disorder),,
SNOMED,75150001,Renal disease in pregnancy AND/OR puerperium without hypertension (disorder),,
SNOMED,75955007,Thrombosed hemorrhoids (disorder),,
SNOMED,772141000,Obstructed recurrent right inguinal hernia (disorder),,
SNOMED,772142007,Obstructed recurrent left inguinal hernia (disorder),,
SNOMED,77860008,Derangement of posterior horn of lateral meniscus (disorder),,
SNOMED,7.81E+11,Neuropathic arthropathy due to type 2 diabetes mellitus (disorder),,
SNOMED,79035003,Anemia due to unknown mechanism (disorder),,
SNOMED,7916009,Alcoholic polyneuropathy (disorder),,
SNOMED,81573002,Collagen disease (disorder),,
SNOMED,81703003,Chews tobacco (finding),,
SNOMED,83119008,Congenital insufficiency of tricuspid valve (disorder),,
SNOMED,86273004,Biopsy (procedure),,
SNOMED,86378006,Old bucket handle tear of medial meniscus (disorder),,
SNOMED,86591008,Fall from ladder (event),,
SNOMED,86944008,Visual field study (procedure),,
SNOMED,88981003,Pyometra (disorder),,
SNOMED,90116003,Contracture of joint of shoulder region (disorder),,
SNOMED,9078005,Polyp of vocal cord (disorder),,
SNOMED,92296004,Benign neoplasm of pituitary gland (disorder),,
SNOMED,92371000,Benign neoplasm of skin of neck (disorder),,
SNOMED,92506005,Biventricular congestive heart failure (disorder),,
SNOMED,94098005,Primary malignant neoplasm of thyroid gland (disorder),,
SNOMED,94286009,Metastatic malignant neoplasm to esophagus (disorder),,
SNOMED,94365007,Metastatic malignant neoplasm to large intestine (disorder),,
SNOMED,95533003,Duodenal hemorrhage (disorder),,
SNOMED,95563007,Gallstone pancreatitis (disorder),,
SNOMED,95742008,Corneal graft rejection (disorder),,
SNOMED,9748009,Dyskinesia (finding),,
SNOMED,201067006,Physiological striae (disorder),,
SNOMED,277188003,Ulnar nerve entrapment (disorder),,
SNOMED,277869007,Non-tuberculous mycobacterial pneumonia (disorder),,
SNOMED,363399006,Malignant neoplasm of hypopharynx (disorder),,
SNOMED,52002008,Serous detachment of retinal pigment epithelium (disorder),,
SNOMED,79631006,Absence seizure (finding),,
SNOMED,79688008,Respiratory obstruction (disorder),,
SNOMED,90392009,Nocturnal muscle spasm (finding),,
SNOMED,103738006,"History and physical examination, immigration (procedure)",,
SNOMED,104733005,Homocysteine measurement (procedure),,
SNOMED,109888004,Lobular carcinoma in situ of breast (disorder),,
SNOMED,110368006,Decreased estrogen level (finding),,
SNOMED,111550004,Ovarian failure (disorder),,
SNOMED,1144805008,Microscopic polyangiitis (disorder),,
SNOMED,1193558000,Disorder of early neonate and/or fetus during second intrapartum stage due to vacuum extraction delivery (disorder),,
SNOMED,1234779007,Mood disorder caused by ethanol (disorder),,
SNOMED,125658009,Open wound of hip region (disorder),,
SNOMED,125659001,Open wound of thigh (disorder),,
SNOMED,12660003,"Repair of complete shoulder cuff avulsion, chronic (procedure)",,
SNOMED,126809003,Neoplasm of oropharynx (disorder),,
SNOMED,126847008,Neoplasm of rectum (disorder),,
SNOMED,1293040003,Lytic lesion of bone on plain X-ray (finding),,
SNOMED,129635004,Ovarian hyperstimulation syndrome (disorder),,
SNOMED,129853007,Total urinary incontinence (finding),,
SNOMED,1363605005,Tendinitis of forearm (disorder),,
SNOMED,1363606006,Tendinitis of elbow (disorder),,
SNOMED,1371410005,Extremely preterm infant less than 28 completed weeks gestation (finding),,
SNOMED,13802001,Abscess of axilla (disorder),,
SNOMED,14900002,Hypopituitarism due to radiotherapy (disorder),,
SNOMED,161586000,History of injury (situation),,
SNOMED,162076009,Excessive upper gastrointestinal gas (finding),,
SNOMED,165839004,Rheumatoid factor detected (finding),,
SNOMED,169583006,Antenatal care: history of perinatal death (situation),,
SNOMED,169762003,Postnatal visit (regime/therapy),,
SNOMED,17329003,Ureteric colic (finding),,
SNOMED,1761006,Biliary cirrhosis (disorder),,
SNOMED,177250006,Abdominoplasty (procedure),,
SNOMED,177694006,Incision and drainage of wound (procedure),,
SNOMED,184238003,Repeat prescription card duplicate issue (finding),,
SNOMED,187726001,Malignant neoplasm of middle third of esophagus (disorder),,
SNOMED,190502001,Pituitary-dependent Cushing's disease (disorder),,
SNOMED,191616006,Recurrent depression (disorder),,
SNOMED,192041001,Acute situational disturbance (disorder),,
SNOMED,192454004,Nonorganic insomnia (disorder),,
SNOMED,192630004,Psychogenic feeding disorder of infancy and childhood (disorder),,
SNOMED,192775006,Late effects of intracranial abscess or pyogenic infection (disorder),,
SNOMED,192970008,Cauda equina syndrome (disorder),,
SNOMED,195469007,Anal skin tag (disorder),,
SNOMED,197060001,Sigmoid volvulus (disorder),,
SNOMED,197871001,Hypotonic urinary bladder (disorder),,
SNOMED,197919005,Stenosis of urinary meatus (disorder),,
SNOMED,19843006,Hypertrophic scar (disorder),,
SNOMED,200144004,Deliveries by cesarean (finding),,
SNOMED,201724008,Neuropathic arthropathy due to diabetes mellitus (disorder),,
SNOMED,202805003,Sacroiliac disorder (disorder),,
SNOMED,20502007,Pain in scrotum (finding),,
SNOMED,206525008,Neonatal necrotizing enterocolitis (disorder),,
SNOMED,212363007,Injury of multiple nerves at shoulder and upper arm level (disorder),,
SNOMED,213257006,Generally unwell (finding),,
SNOMED,213299007,Postoperative pain (finding),,
SNOMED,21419000,Closed fracture of medial condyle of humerus (disorder),,
SNOMED,218129009,"Accidents caused by hot substance or object, caustic or corrosive material and steam (event)",,
SNOMED,22058002,Inattention (finding),,
SNOMED,22716005,Platelet disorder (disorder),,
SNOMED,230270009,Frontotemporal dementia (disorder),,
SNOMED,230802007,Brainstem death (disorder),,
SNOMED,231494001,Mania (disorder),,
SNOMED,235823004,Motility disorder of intestine (disorder),,
SNOMED,236433006,Acute-on-chronic renal failure (disorder),,
SNOMED,237715007,Mass of pituitary (finding),,
SNOMED,237788002,Premature ovarian insufficiency (disorder),,
SNOMED,238602009,Psoriasis with eczema (disorder),,
SNOMED,239724009,Deficiency of anterior cruciate ligament (disorder),,
SNOMED,239792003,Seronegative rheumatoid arthritis (disorder),,
SNOMED,240027002,Bursitis of foot region (disorder),,
SNOMED,24095001,Placenta previa partialis (disorder),,
SNOMED,247390002,Sciatic nerve palsy (disorder),,
SNOMED,248062006,Self-injurious behavior (finding),,
SNOMED,24807004,Bleeding gastric varices (disorder),,
SNOMED,250018006,Toe-walking gait (finding),,
SNOMED,253001006,Merkel cell carcinoma (disorder),,
SNOMED,253011004,Macroprolactinoma (disorder),,
SNOMED,254677004,Trichilemmal cyst (disorder),,
SNOMED,254727007,Extramammary Paget's disease of skin (disorder),,
SNOMED,254819008,Atypical mole syndrome (disorder),,
SNOMED,254962005,Functionless pituitary adenoma (disorder),,
SNOMED,255028004,Follicular thyroid carcinoma (disorder),,
SNOMED,255181009,Benign neoplasm of ear (disorder),,
SNOMED,26294005,Radical prostatectomy (procedure),,
SNOMED,262955000,Subarachnoid hemorrhage due to traumatic injury (disorder),,
SNOMED,263000005,Joint capsule sprain (disorder),,
SNOMED,265546000,Open insertion of central venous catheter (procedure),,
SNOMED,266463007,Iliopsoas abscess (disorder),,
SNOMED,267441009,Uric acid urolithiasis (disorder),,
SNOMED,267447008,Hypo-osmolality and or hyponatremia (disorder),,
SNOMED,268846006,Neonatal hypocalcemia (disorder),,
SNOMED,271691008,Breasts asymmetrical (finding),,
SNOMED,271834000,Burping (finding),,
SNOMED,271983002,Disorder of cardiac pacemaker system (disorder),,
SNOMED,274160002,Fracture of phalanx of thumb (disorder),,
SNOMED,275462005,Disorder of smell (disorder),,
SNOMED,276851006,Intraduct papilloma of pancreas (disorder),,
SNOMED,276870001,Carcinoma of fallopian tube (disorder),,
SNOMED,277157002,Benign neoplasm of external ear (disorder),,
SNOMED,277762005,Lumbar puncture (procedure),,
SNOMED,282782006,Injury of scrotum (disorder),,
SNOMED,28332004,Family disruption (finding),,
SNOMED,285381006,Acute infective exacerbation of chronic obstructive pulmonary disease (disorder),,
SNOMED,285662005,Removal of plate from bone (procedure),,
SNOMED,29749002,Closed fracture of scapula (disorder),,
SNOMED,297960002,Mass of skin (finding),,
SNOMED,298083004,Foreign body in skin of finger (disorder),,
SNOMED,299060006,Swelling of finger (finding),,
SNOMED,29943008,Herpes simplex dendritic keratitis (disorder),,
SNOMED,299704007,Lump on face (finding),,
SNOMED,300955002,Pain in thumb (finding),,
SNOMED,301350008,Lesion of lip (disorder),,
SNOMED,301777002,Neck swelling (finding),,
SNOMED,30292005,Mononeuritis multiplex (disorder),,
SNOMED,304040003,Grafting to skin (procedure),,
SNOMED,304344002,Decreased range of cervical spine movement (finding),,
SNOMED,307601000,Pseudomyxoma peritonei (disorder),,
SNOMED,308684007,Amputated big toe (finding),,
SNOMED,31642005,Acute gingivitis (disorder),,
SNOMED,3415004,Cyanosis (finding),,
SNOMED,359789008,Takayasu's disease (disorder),,
SNOMED,35984006,Tuberculosis of vertebral column (disorder),,
SNOMED,363352004,Malignant neoplasm of anal canal (disorder),,
SNOMED,363422006,Malignant neoplasm of nasal cavity (disorder),,
SNOMED,367466007,Skin irritation (finding),,
SNOMED,370854007,Screening for harmful pattern of substance use (procedure),,
SNOMED,371186005,Amputation of toe (procedure),,
SNOMED,3754002,Dysplasia of vagina (disorder),,
SNOMED,38343000,Vaginal pain (finding),,
SNOMED,390943009,Serum ferritin above reference range (finding),,
SNOMED,39419009,Hypovolemic shock (disorder),,
SNOMED,39462005,Thyroglossal duct cyst (disorder),,
SNOMED,396285007,Bronchopneumonia (disorder),,
SNOMED,397431004,"Percutaneous transluminal coronary angioplasty by rotablation, single vessel using imaging guidance with contrast (procedure)",,
SNOMED,398311004,Diverticulosis of colon without diverticulitis (finding),,
SNOMED,399730005,Adenoma of rectum (disorder),,
SNOMED,399993004,Disorder of taste (disorder),,
SNOMED,401169009,Not yet walking (finding),,
SNOMED,402509003,Basal cell carcinoma of neck (disorder),,
SNOMED,403180003,Decorative tattoo of skin (finding),,
SNOMED,403891008,Squamous cell carcinoma of scalp (disorder),,
SNOMED,403896003,Squamous cell carcinoma of hand (disorder),,
SNOMED,404189009,Domestic violence (event),,
SNOMED,405543000,Drug-induced hyperpyrexia (finding),,
SNOMED,409656006,Acute esophagitis (disorder),,
SNOMED,416770009,Ocular histoplasmosis syndrome (disorder),,
SNOMED,422886007,Olfactory neuroblastoma (disorder),,
SNOMED,423226005,Tendinitis of finger (disorder),,
SNOMED,424699007,"Migraine variants, not intractable (disorder)",,
SNOMED,427482006,Flaccid neurogenic urinary bladder (finding),,
SNOMED,427910000,Diverticulitis of sigmoid colon (disorder),,
SNOMED,428079009,History of transurethral prostatectomy (situation),,
SNOMED,428835005,History of amputation of hallux (situation),,
SNOMED,429047008,History of adenomatous polyp of colon (situation),,
SNOMED,429696002,Instability of femoropatellar joint (finding),,
SNOMED,430954001,Family history of malignant neoplasm of genital structure (situation),,
SNOMED,430968008,Pain in male perineum (finding),,
SNOMED,441481004,Chronic systolic heart failure (disorder),,
SNOMED,441705005,Complete quadriplegia due to spinal cord lesion between first and fourth cervical vertebra (disorder),,
SNOMED,441769002,Cardiac defibrillator in situ (finding),,
SNOMED,442646005,Imaging of lung abnormal (finding),,
SNOMED,443093007,Osteochondroma (disorder),,
SNOMED,444003007,Disorder of joint of shoulder region (disorder),,
SNOMED,444491009,Exposure to viral hepatitis (event),,
SNOMED,444551008,Antinuclear antibody above reference range (finding),,
SNOMED,445018004,Spondylolysis of cervical spine (disorder),,
SNOMED,445122007,Low-lying placenta (finding),,
SNOMED,445243001,Left sided ulcerative colitis (disorder),,
SNOMED,445459004,Cytomegalovirus antibody detected in serum (finding),,
SNOMED,44564008,Loss of voice (finding),,
SNOMED,446653004,Foreign body in lower limb (disorder),,
SNOMED,446896007,Laceration of lower lip (disorder),,
SNOMED,447043009,Calculus of lower third of ureter (disorder),,
SNOMED,448418006,Sepsis caused by Streptococcus (disorder),,
SNOMED,46014006,Corn of toe (disorder),,
SNOMED,46659004,Von Hippel-Lindau syndrome (disorder),,
SNOMED,49198006,Torsion of spermatic cord (disorder),,
SNOMED,49584005,Acute cor pulmonale (disorder),,
SNOMED,51037009,Fracture of patella (disorder),,
SNOMED,52585001,Sciatic neuropathy (disorder),,
SNOMED,53610001,Nasal septoplasty with graft (procedure),,
SNOMED,53976000,Arthrodesis by anterior interbody technique of cervical region below C2 with bone graft (procedure),,
SNOMED,54084005,Cervical tuberculous lymphadenitis (disorder),,
SNOMED,57534004,Retinal vascular disorder (disorder),,
SNOMED,57650002,Persistent primary tooth (disorder),,
SNOMED,58437007,Tuberculosis of meninges (disorder),,
SNOMED,60735000,Lagophthalmos (finding),,
SNOMED,60826002,Coccidioidomycosis (disorder),,
SNOMED,61661004,Operative procedure on foot (procedure),,
SNOMED,61917005,Bitemporal hemianopia (finding),,
SNOMED,63339007,Disorder of uterine cervix (disorder),,
SNOMED,63398001,Bacterial infection caused by Pseudomonas (disorder),,
SNOMED,6461009,Amygdalolith (disorder),,
SNOMED,66692001,"Repair of ruptured supraspinatus tendon, chronic (procedure)",,
SNOMED,66962008,Suture granuloma (disorder),,
SNOMED,67437007,Lumbar spondylosis with myelopathy (disorder),,
SNOMED,68819003,Closed fracture of coronoid process of ulna (disorder),,
SNOMED,69825009,Mucocele of salivary gland (disorder),,
SNOMED,719218000,Cryptogenic organizing pneumonia (disorder),,
SNOMED,73237007,Chronic ethmoidal sinusitis (disorder),,
SNOMED,7551007,Closed fracture of neck of metacarpal bone (disorder),,
SNOMED,77225009,Blind loop syndrome (disorder),,
SNOMED,77427003,Activity intolerance (finding),,
SNOMED,77702009,Malnutrition of mild degree (Gomez: 75 percent to less than 90 percent of standard weight) (disorder),,
SNOMED,77971008,Iridocyclitis (disorder),,
SNOMED,788465007,Repetitive motion disorder (disorder),,
SNOMED,81953000,Chest pain on exertion (finding),,
SNOMED,84877006,Arthroscopy of knee with meniscus repair (procedure),,
SNOMED,85623003,Ineffective thermoregulation (finding),,
SNOMED,86933000,Heavy drinker (finding),,
SNOMED,87476004,Neonatal seizure (finding),,
SNOMED,88050005,Hematoma of pinna (disorder),,
SNOMED,88202002,Alteration in nutrition: less than body requirements (finding),,
SNOMED,8900005,Hypoproteinemia (disorder),,
SNOMED,90584004,Spinal cord injury (disorder),,
SNOMED,90774003,Victim of physical assault (finding),,
SNOMED,91335003,Mural thrombus of heart (disorder),,
SNOMED,91935009,Allergy to peanut (finding),,
SNOMED,91957002,Back pain complicating pregnancy (disorder),,
SNOMED,92546004,Carcinoma in situ of urinary bladder (disorder),,
SNOMED,94602001,Metastatic malignant neoplasm to vertebral column (disorder),,
SNOMED,94706008,Muscular ventricular septum defect (disorder),,
SNOMED,95617006,Neonatal cyanosis (disorder),,
SNOMED,95675005,Ulnar neuritis (disorder),,
SNOMED,95697007,Generalized retinal degeneration (disorder),,
SNOMED,95922009,Child sex abuse (event),,
SNOMED,1010215007,Congenital subluxation of left hip joint (disorder),,
SNOMED,1010217004,Congenital subluxation of right hip joint (disorder),,
SNOMED,10184002,Recurrent cholangitis (disorder),,
SNOMED,10217006,Third degree perineal laceration (disorder),,
SNOMED,10326007,"Coronary artery bypass with autogenous graft, three grafts (procedure)",,
SNOMED,103750000,Sleep apnea assessment (procedure),,
SNOMED,105593004,Electrolyte imbalance (disorder),,
SNOMED,110004001,"Acute promyelocytic leukemia, FAB M3 (disorder)",,
SNOMED,111227009,Ankylosis of joint (disorder),,
SNOMED,111593004,Intracranial hemorrhage co-occurrent and due to closed fracture of vault of skull (disorder),,
SNOMED,111762003,Poisoning caused by antirheumatic (disorder),,
SNOMED,112746006,Operative procedure on hand (procedure),,
SNOMED,112788002,Operation on accessory sinus (procedure),,
SNOMED,1.22754E+16,Breast cancer screening declined (situation),,
SNOMED,126644004,Neoplasm of pelvis (disorder),,
SNOMED,126692004,Neoplasm of larynx (disorder),,
SNOMED,126832004,Neoplasm of small intestine (disorder),,
SNOMED,126872008,Neoplasm of retroperitoneum (disorder),,
SNOMED,126943008,Separation anxiety (disorder),,
SNOMED,128133004,Disorder of elbow (disorder),,
SNOMED,12820001,Disorder of sacrum (disorder),,
SNOMED,129618003,Autonomic dysreflexia (disorder),,
SNOMED,1296859006,Procedure declined (situation),,
SNOMED,129903002,Ineffective infant feeding pattern (finding),,
SNOMED,13236000,Congenital spondylolisthesis (disorder),,
SNOMED,13301002,Cellulitis of knee (disorder),,
SNOMED,13629008,Neonatal hypothermia (disorder),,
SNOMED,1381505000,Insertion of drainage tube into pleural cavity (procedure),,
SNOMED,13910004,Combined anteroposterior colporrhaphy (procedure),,
SNOMED,160316001,Family history: Blood disorder (situation),,
SNOMED,160347007,Family history: Glaucoma (situation),,
SNOMED,161579008,History of perinatal problem (situation),,
SNOMED,161633009,History of radiation exposure (situation),,
SNOMED,161666008,History of heart recipient (situation),,
SNOMED,161693006,History of renal dialysis (situation),,
SNOMED,162143008,Pain in female genitalia (finding),,
SNOMED,162403009,Ear pressure sensation (finding),,
SNOMED,166702002,Serum calcium level above reference range (finding),,
SNOMED,169241000,Echocardiogram abnormal (finding),,
SNOMED,169665005,Antenatal ultrasound scan abnormal (finding),,
SNOMED,171228002,Respiratory disease screening (procedure),,
SNOMED,175125003,Percutaneous transluminal ablation of atrioventricular node (procedure),,
SNOMED,17552000,Dental calculus (disorder),,
SNOMED,177866001,Repair of bilateral inguinal hernias (procedure),,
SNOMED,182159002,Disseminated tuberculosis (disorder),,
SNOMED,1860003,Fluid volume disorder (disorder),,
SNOMED,18653004,Alcohol intoxication delirium (disorder),,
SNOMED,188045003,Malignant melanoma of scalp (disorder),,
SNOMED,188046002,Malignant melanoma of neck (disorder),,
SNOMED,188507008,Lymphosarcoma of lymph nodes of multiple sites (disorder),,
SNOMED,189197001,Hemangioma of intra-abdominal structure (disorder),,
SNOMED,18973006,Uterovaginal prolapse (disorder),,
SNOMED,190279008,Iodine hypothyroidism (disorder),,
SNOMED,191527001,Simple schizophrenia (disorder),,
SNOMED,191572009,Acute exacerbation of chronic schizoaffective schizophrenia (disorder),,
SNOMED,191574005,Schizoaffective schizophrenia in remission (disorder),,
SNOMED,191659001,Atypical depressive disorder (disorder),,
SNOMED,191708009,Chronic anxiety (finding),,
SNOMED,191914006,Nondependent harmful pattern of use of opioid in remission (disorder),,
SNOMED,192049004,Prolonged depressive adjustment reaction (disorder),,
SNOMED,19399000,Acute exudative otitis media (disorder),,
SNOMED,195382003,Spider nevus (disorder),,
SNOMED,195798007,Chronic adenotonsillitis (disorder),,
SNOMED,199223000,"Diabetes mellitus during pregnancy, childbirth and the puerperium (disorder)",,
SNOMED,200767005,Pityriasis simplex (disorder),,
SNOMED,201849003,"Localized, secondary osteoarthritis of the shoulder region (disorder)",,
SNOMED,202606004,Clicking hip (finding),,
SNOMED,202924004,Transient synovitis (disorder),,
SNOMED,208241000,"Closed fracture of proximal humerus, anatomical neck (disorder)",,
SNOMED,208713003,Closed fracture of multiple phalanges of toe (disorder),,
SNOMED,209629006,"Complete tear, knee, anterior cruciate ligament (disorder)",,
SNOMED,210773002,Open wounds involving multiple regions of lower limb(s) (disorder),,
SNOMED,213220000,Postoperative deep vein thrombosis (disorder),,
SNOMED,21783006,Mechanical lagophthalmos (disorder),,
SNOMED,218218000,Overexertion and strenuous movements (event),,
SNOMED,228156007,Intellectual functioning disability (finding),,
SNOMED,228371004,Long-term drug misuser (finding),,
SNOMED,230285003,Vascular dementia of acute onset (disorder),,
SNOMED,230325003,Meige syndrome (disorder),,
SNOMED,230470007,Episodic tension-type headache (disorder),,
SNOMED,230591002,Motor neuropathy with multiple conduction block (disorder),,
SNOMED,230810008,Excision of tumor of brain meninges (procedure),,
SNOMED,23186000,Menstrual migraine (disorder),,
SNOMED,232018006,Posterior proliferative vitreoretinopathy (disorder),,
SNOMED,232086000,Neovascular angle closure glaucoma (disorder),,
SNOMED,232834008,Balloon aortic valvotomy (procedure),,
SNOMED,233022006,Construction of conduit - right atrium to pulmonary trunk (procedure),,
SNOMED,23406007,Fracture of upper limb (disorder),,
SNOMED,23568008,Congenital metatarsus adductus (disorder),,
SNOMED,235821002,Postoperative intestinal obstruction (disorder),,
SNOMED,235825006,Pseudo-obstruction of intestine (disorder),,
SNOMED,236042008,Obstructed internal hernia (disorder),,
SNOMED,236443009,Medullary sponge kidney (disorder),,
SNOMED,236562009,Obstruction of peritoneal dialysis catheter (disorder),,
SNOMED,237084006,Inflammation of cervix uteri caused by Chlamydia (disorder),,
SNOMED,237102006,Vaginal vault hematoma (disorder),,
SNOMED,238085009,Fredrickson type IV hyperlipoproteinemia (disorder),,
SNOMED,238525001,Polymorphic light eruption (disorder),,
SNOMED,239727002,Rupture of posterior cruciate ligament (disorder),,
SNOMED,242489002,Accident due to contact with hot or corrosive substance (event),,
SNOMED,246815009,Excess skin of eyelid (finding),,
SNOMED,247389006,Intercostal neuralgia (finding),,
SNOMED,248866005,Labial adhesions (disorder),,
SNOMED,25440005,Tetrachlorodibenzodioxin poisoning (disorder),,
SNOMED,254561006,Carcinoma of pylorus (disorder),,
SNOMED,254805008,Compound nevus of skin (disorder),,
SNOMED,254921004,Angiomyolipoma of kidney (disorder),,
SNOMED,26039008,Neurosyphilis (disorder),,
SNOMED,26146002,Complete transposition of great vessels (disorder),,
SNOMED,263128001,Sprain of ligament of elbow (disorder),,
SNOMED,263244000,Bimalleolar fracture of ankle (disorder),,
SNOMED,26390003,Total colectomy (procedure),,
SNOMED,264580006,Thyroid dysfunction (disorder),,
SNOMED,26715006,Steroid-induced myopathy (disorder),,
SNOMED,267802000,Pruritus of genital organs (disorder),,
SNOMED,269134004,Sprain of elbow and forearm (disorder),,
SNOMED,271472001,"Benign neoplasm of nose, middle ear and accessory sinuses (disorder)",,
SNOMED,271794005,Disorder of sleep-wake cycle (disorder),,
SNOMED,271832001,"Flatulence, eructation and gas pain (finding)",,
SNOMED,274162005,Thoracic back sprain (disorder),,
SNOMED,274192001,Superficial injury of wrist (disorder),,
SNOMED,274919008,Fall on same level due to impact against another person (event),,
SNOMED,275134007,Family history: Arthritis (situation),,
SNOMED,275266006,Metastasis to digestive organs (disorder),,
SNOMED,275481002,Non-suppurative otitis media (disorder),,
SNOMED,275519006,Peripheral arteriovenous malformation (disorder),,
SNOMED,275979007,Screening for malignant neoplasm of rectum (procedure),,
SNOMED,277545003,T-cell chronic lymphocytic leukemia (disorder),,
SNOMED,278528006,Facial swelling (finding),,
SNOMED,278971009,Hepatitis A immune (finding),,
SNOMED,279016001,Cervicogenic headache (finding),,
SNOMED,280032002,Developmental language disorder (disorder),,
SNOMED,281004,Dementia associated with alcoholism (disorder),,
SNOMED,284181007,Incision and drainage of abscess (procedure),,
SNOMED,285387005,Left sided abdominal pain (finding),,
SNOMED,28663008,Severe manic bipolar I disorder with psychotic features (disorder),,
SNOMED,28768007,Incisional biopsy of breast mass (procedure),,
SNOMED,289477004,Mass of vulva (finding),,
SNOMED,28978003,Progressive supranuclear ophthalmoplegia (disorder),,
SNOMED,29268000,Contact hypersensitivity (disorder),,
SNOMED,29599000,Chronic undifferentiated schizophrenia (disorder),,
SNOMED,297186008,Motorcycle accident (event),,
SNOMED,298375002,Tenderness of temporomandibular joint (finding),,
SNOMED,299328006,Deformity of knee joint (finding),,
SNOMED,301802001,Loin abscess (disorder),,
SNOMED,302109006,Gastrostomy present (finding),,
SNOMED,302833002,Paraganglioma (disorder),,
SNOMED,30833006,Vulvar vestibulitis (disorder),,
SNOMED,308374001,Caffeine-related disorder (disorder),,
SNOMED,308695001,Intracapsular cataract extraction and insertion of intraocular lens (procedure),,
SNOMED,309084001,Villous adenomatous polyp of colon (disorder),,
SNOMED,30911005,Cryoglobulinemia (disorder),,
SNOMED,309465005,Infection caused by Varicellovirus humanalpha3 (disorder),,
SNOMED,30956003,Subtotal thyroidectomy (procedure),,
SNOMED,313157004,Pseudostrabismus (disorder),,
SNOMED,313259008,"Localized, primary osteoarthritis of elbow (disorder)",,
SNOMED,33048000,Peripheral visual field defect (finding),,
SNOMED,33209009,Idiopathic progressive polyneuropathy (disorder),,
SNOMED,33334006,Foreign body in digestive tract (disorder),,
SNOMED,33629003,Drusen of optic disc (finding),,
SNOMED,33910007,Postoperative infection (disorder),,
SNOMED,34361001,Traumatic cataract (disorder),,
SNOMED,34571000,Anovulation (finding),,
SNOMED,34580000,"Duodenal ulcer without hemorrhage, without perforation AND without obstruction (disorder)",,
SNOMED,34630004,Pityriasis (disorder),,
SNOMED,35065006,Primary chronic pseudo-obstruction of colon (disorder),,
SNOMED,35600002,Strabismic amblyopia (disorder),,
SNOMED,359908007,Repair of paraesophageal diaphragmatic hernia (procedure),,
SNOMED,36222008,Carcinoid heart disease (disorder),,
SNOMED,363390005,Malignant neoplasm of palate (disorder),,
SNOMED,363489000,Malignant neoplasm of neck (disorder),,
SNOMED,367363000,Right ventricular failure (disorder),,
SNOMED,36778005,Fracture of distal phalanx of finger (disorder),,
SNOMED,370471003,Lumbosacral stenosis (disorder),,
SNOMED,37064009,Hyperproteinemia (disorder),,
SNOMED,370997001,Primary testicular failure (disorder),,
SNOMED,372098004,Carcinoma of endocervix (disorder),,
SNOMED,372126009,Malignant neoplasm of skin of trunk (disorder),,
SNOMED,37231002,Macular retinal edema (disorder),,
SNOMED,373600006,Multiple bruising (finding),,
SNOMED,373610002,Polyp in nasopharynx (disorder),,
SNOMED,373717006,Premature menopause (finding),,
SNOMED,38086007,Laryngomalacia (disorder),,
SNOMED,386802000,Endometrial biopsy (procedure),,
SNOMED,38708003,Cholesteatoma of attic (disorder),,
SNOMED,390906007,Follow-up encounter (procedure),,
SNOMED,39202005,"Coronary artery bypass with autogenous graft, four grafts (procedure)",,
SNOMED,392300000,Phacomorphic angle closure glaucoma due to disorder of lens (disorder),,
SNOMED,39479004,Telogen effluvium (disorder),,
SNOMED,396234004,Infective arthritis (disorder),,
SNOMED,396335001,Acute and chronic cholecystitis (disorder),,
SNOMED,397117006,Amputation of lower limb (procedure),,
SNOMED,398114001,Ehlers-Danlos syndrome (disorder),,
SNOMED,39823006,Generalized atherosclerosis (disorder),,
SNOMED,402981007,Mycobacteroides chelonae infection of skin (disorder),,
SNOMED,403898002,Squamous cell carcinoma of skin of lower extremity (disorder),,
SNOMED,40947009,Drowning (event),,
SNOMED,409780002,Acute osteomyelitis (disorder),,
SNOMED,413428007,Acquired kyphosis (disorder),,
SNOMED,41411008,Fall from playground equipment (event),,
SNOMED,414667000,Meningomyelocele (disorder),,
SNOMED,414819007,Neonatal abstinence syndrome (disorder),,
SNOMED,41663005,Disorder of pinna (disorder),,
SNOMED,417192005,Saint Louis encephalitis virus infection (disorder),,
SNOMED,417893002,Deformity (finding),,
SNOMED,41975002,Insomnia with sleep apnea (disorder),,
SNOMED,420171008,Fluoroscopic angiography of carotid artery with contrast (procedure),,
SNOMED,421895002,Peripheral vascular disorder due to diabetes mellitus (disorder),,
SNOMED,421920002,Cataract of eye due to diabetes mellitus type 1 (disorder),,
SNOMED,42452002,Thoracic radiculopathy (disorder),,
SNOMED,425390006,Dementia associated with Parkinson's Disease (disorder),,
SNOMED,425802001,Effusion of bilateral pleural cavities (disorder),,
SNOMED,425919003,Chronic organic mental disorder (disorder),,
SNOMED,42655007,Complete bilateral paralysis of vocal cords (disorder),,
SNOMED,427020007,Cerebral vasculitis (disorder),,
SNOMED,427419006,Transformed migraine (disorder),,
SNOMED,427769002,Infection of amputation stump (disorder),,
SNOMED,427894009,History of augmentation of breast (situation),,
SNOMED,428072000,History of repair of musculotendinous cuff of shoulder (situation),,
SNOMED,428220001,Traumatic tear of skin (disorder),,
SNOMED,428529004,History of bilateral mastectomy (situation),,
SNOMED,428798001,Closed fracture of tibial plateau (disorder),,
SNOMED,428834009,History of amputation of finger (situation),,
SNOMED,429439000,Complex cyst of uterine adnexa (disorder),,
SNOMED,429479009,History of radiation therapy (situation),,
SNOMED,430031008,Fetal hydronephrosis (disorder),,
SNOMED,430166008,Congenital anomaly of peripheral blood vessel (disorder),,
SNOMED,430474001,Secondary adhesive capsulitis (disorder),,
SNOMED,431307001,Intentional poisoning caused by drug (disorder),,
SNOMED,431481001,Chronic pain due to injury (finding),,
SNOMED,432519008,Cancer antigen 125 above reference range (finding),,
SNOMED,438582003,Acute injury of anterior cruciate ligament (disorder),,
SNOMED,439698008,Hereditary thrombophilia (disorder),,
SNOMED,441527004,Harmful pattern of use of stimulant (disorder),,
SNOMED,442309004,Insertion of tunneled central venous catheter (procedure),,
SNOMED,442551007,Dental caries extending into dentin (disorder),,
SNOMED,44301001,Suicide (event),,
SNOMED,443416007,Benign adenomatous neoplasm (disorder),,
SNOMED,443790001,Giant cell tumor (disorder),,
SNOMED,444150000,Latent syphilis (disorder),,
SNOMED,444231005,Thymoma (disorder),,
SNOMED,444387000,Exposure to Bordetella pertussis (event),,
SNOMED,444408007,Tubular adenoma (disorder),,
SNOMED,444545003,Glioma of brainstem (disorder),,
SNOMED,444702007,Irregular bowel habits (finding),,
SNOMED,444813003,Prophylactic immunotherapy (procedure),,
SNOMED,445164007,Clotting time above reference range (finding),,
SNOMED,445424004,Weakness of vocal cord (finding),,
SNOMED,445445006,Low density lipoprotein cholesterol above reference range (finding),,
SNOMED,445511002,Orthostatic headache (finding),,
SNOMED,447071003,Scar of face (disorder),,
SNOMED,448417001,Sepsis caused by Staphylococcus aureus (disorder),,
SNOMED,44897000,Mesenteric lymphadenitis (disorder),,
SNOMED,46210008,Cyst of eyelid (disorder),,
SNOMED,46422008,Closed fracture of shaft of metacarpal bone (disorder),,
SNOMED,46706006,Replacement of contraceptive intrauterine device (procedure),,
SNOMED,48230001,First degree uterine prolapse (disorder),,
SNOMED,4834000,Typhoid fever (disorder),,
SNOMED,4927003,Acute anterior uveitis (disorder),,
SNOMED,49723003,Intussusception of intestine (disorder),,
SNOMED,50807007,Femoral-popliteal artery bypass graft with vein (procedure),,
SNOMED,50821009,Arterial retinal branch occlusion (disorder),,
SNOMED,50920009,Myocarditis (disorder),,
SNOMED,51221005,Chronic contact dermatitis (disorder),,
SNOMED,51742006,Disorder of anterior pituitary (disorder),,
SNOMED,52089001,Arteritis (disorder),,
SNOMED,52457000,Ileitis (disorder),,
SNOMED,52486002,Necrotizing fasciitis (disorder),,
SNOMED,52497002,Foreign body in conjunctival sac (disorder),,
SNOMED,52852000,Insertion of bilateral breast prostheses (procedure),,
SNOMED,5313005,Derangement of posterior horn of medial meniscus (disorder),,
SNOMED,53165003,Megaloblastic anemia (disorder),,
SNOMED,53208009,Peroneal tendinitis (disorder),,
SNOMED,5413009,Abnormal male sexual function (finding),,
SNOMED,54587008,Simple phobia (disorder),,
SNOMED,54974006,"Insertion of permanent pacemaker with transvenous electrodes, ventricular (procedure)",,
SNOMED,55162003,Tooth extraction (procedure),,
SNOMED,55244002,Arthroscopically aided anterior cruciate ligament repair (procedure),,
SNOMED,56038003,Staphylococcal infectious disease (disorder),,
SNOMED,56951005,Poisoning caused by cardiotonic glycoside (disorder),,
SNOMED,58170007,Viral meningitis (disorder),,
SNOMED,58972000,Dribbling of urine (finding),,
SNOMED,59213002,"Repair of ruptured supraspinatus tendon, acute (procedure)",,
SNOMED,59523007,Herpes simplex disciform keratitis (disorder),,
SNOMED,59617007,Severe depressed bipolar I disorder with psychotic features (disorder),,
SNOMED,60853003,Disorder of magnesium metabolism (disorder),,
SNOMED,61536007,Peripheral retinal degeneration (disorder),,
SNOMED,62531004,Placenta previa marginalis (disorder),,
SNOMED,62744007,Orthopnea (finding),,
SNOMED,6285003,Tachyarrhythmia (disorder),,
SNOMED,62856000,Nonobliterative otosclerosis involving oval window (disorder),,
SNOMED,63384009,Distorted body image (finding),,
SNOMED,64144002,Pruritic rash (disorder),,
SNOMED,64613007,Inflammation of small intestine (disorder),,
SNOMED,65198009,Arterial thrombosis (disorder),,
SNOMED,65362007,Acquired cavovarus deformity of foot (disorder),,
SNOMED,65399007,Langerhans cell histiocytosis (disorder),,
SNOMED,66112004,Closed fracture of sternum (disorder),,
SNOMED,66187002,Fatty stool (finding),,
SNOMED,67125004,Latent syphilis with positive serology (disorder),,
SNOMED,68550008,Neonatal disturbance of temperature regulation (disorder),,
SNOMED,69215007,Intolerant of heat (finding),,
SNOMED,69559004,Mass of retroperitoneal structure (finding),,
SNOMED,69914001,Stricture of anus (disorder),,
SNOMED,70342003,Cholelithiasis without obstruction (disorder),,
SNOMED,7183006,Anophthalmos (disorder),,
SNOMED,72315009,Inclusion body myositis (disorder),,
SNOMED,724454004,Endometriosis of serosa of pelvic peritoneum (disorder),,
SNOMED,72620002,Nodular degeneration of cornea (disorder),,
SNOMED,72654001,Supraventricular arrhythmia (disorder),,
SNOMED,72658003,Prickly heat (disorder),,
SNOMED,74783009,Stenosis of lacrimal punctum (disorder),,
SNOMED,75137002,Closed traumatic dislocation of joint of finger (disorder),,
SNOMED,77091003,Malnutrition of moderate degree (Gomez: 60 percent to less than 75 percent of standard weight) (disorder),,
SNOMED,77721001,Intoxication caused by opioid (disorder),,
SNOMED,7792000,Placenta previa without hemorrhage (disorder),,
SNOMED,77970009,Benign hypertensive heart disease without congestive heart failure (disorder),,
SNOMED,781682005,Hyperemia of eye (finding),,
SNOMED,783729004,Fibromuscular dysplasia of wall of artery (disorder),,
SNOMED,78514002,Thigh pain (finding),,
SNOMED,78523004,Late effect of radiation (disorder),,
SNOMED,79410001,Congenital cataract (disorder),,
SNOMED,80193009,Postgastric surgery syndrome (disorder),,
SNOMED,8069005,Implantation of tricuspid valve prosthesis or synthetic device (procedure),,
SNOMED,81808003,Hemarthrosis (disorder),,
SNOMED,82523003,Congestive rheumatic heart failure (disorder),,
SNOMED,82732003,Familial hypokalemic periodic paralysis (disorder),,
SNOMED,83458005,Agitated depression (disorder),,
SNOMED,840365009,Placenta circummarginate (disorder),,
SNOMED,84471002,Slowing of urinary stream (finding),,
SNOMED,84889008,Parapharyngeal abscess (disorder),,
SNOMED,85571008,Sensory hearing loss (disorder),,
SNOMED,86279000,Acute suppurative otitis media with spontaneous rupture of ear drum (disorder),,
SNOMED,86480004,Open reduction of fracture (procedure),,
SNOMED,866000008,Abscess of skin and/or subcutaneous tissue caused by ingrown hair (disorder),,
SNOMED,8782006,Radical perineal prostatectomy (procedure),,
SNOMED,87970004,Nonfatal submersion (disorder),,
SNOMED,88230002,Disorder of skeletal system (disorder),,
SNOMED,88273006,Iatrogenic hypothyroidism (disorder),,
SNOMED,89634005,"Microbial identification kit, rapid strep method (procedure)",,
SNOMED,89689008,Congenital genu valgum (disorder),,
SNOMED,91602002,Thoracentesis (procedure),,
SNOMED,92059004,Benign neoplasm of choroid (disorder),,
SNOMED,92258000,Benign neoplasm of orbit (disorder),,
SNOMED,92503002,Neurofibromatosis type 2 (disorder),,
SNOMED,92812005,"Chronic leukemia, disease (disorder)",,
SNOMED,93423006,Dermatitis of eyelid (disorder),,
SNOMED,9389005,Herpes simplex keratitis (disorder),,
SNOMED,94186002,Metastatic malignant neoplasm to urinary bladder (disorder),,
SNOMED,94393006,Metastatic malignant neoplasm to lymph nodes of face (disorder),,
SNOMED,94623007,Metastatic malignant neoplasm to testis (disorder),,
SNOMED,94889006,Neoplasm of uncertain behavior of kidney (disorder),,
SNOMED,94963005,Neoplasm of uncertain behavior of nervous system (disorder),,
SNOMED,94989005,Neoplasm of uncertain behavior of parotid gland (disorder),,
SNOMED,95317002,Victim of terrorism (finding),,
SNOMED,95347000,Skin necrosis (disorder),,
SNOMED,95415006,Polymyalgia (disorder),,
SNOMED,95531001,Hemorrhagic duodenitis (disorder),,
SNOMED,95532008,Obstruction of duodenum (disorder),,
SNOMED,95646004,Cerebellar degeneration (disorder),,
SNOMED,95663000,Peripheral motor neuropathy (disorder),,
SNOMED,102878001,Recurrent miscarriage (disorder),,
SNOMED,1052239007,Paresis of left vocal cord (disorder),,
SNOMED,1052240009,Paresis of right vocal cord (disorder),,
SNOMED,105387008,Holiday relief care of patient (regime/therapy),,
SNOMED,105531004,Housing unsatisfactory (finding),,
SNOMED,109558001,Dieulafoy's vascular malformation (disorder),,
SNOMED,110015006,Injury of penis (disorder),,
SNOMED,111196000,Dermatitis herpetiformis (disorder),,
SNOMED,111248006,Diastasis of muscle (disorder),,
SNOMED,111405003,Ureteritis (disorder),,
SNOMED,111407006,Hemolytic uremic syndrome (disorder),,
SNOMED,111975006,Prolonged QT interval (finding),,
SNOMED,112828007,Femoral-popliteal artery bypass graft (procedure),,
SNOMED,11480007,Idiopathic granulomatous interstitial nephropathy (disorder),,
SNOMED,116288000,Paralytic stroke (disorder),,
SNOMED,116339002,Breast finding (finding),,
SNOMED,118607005,"Hodgkin lymphoma, lymphocyte-rich (disorder)",,
SNOMED,1197061008,Fetal intrapartum and/or early neonatal disorder due to prolapsed cord (disorder),,
SNOMED,1217699008,Keloid acne scar (disorder),,
SNOMED,1231846001,Psychosis caused by ethanol (disorder),,
SNOMED,1251614005,Lizard bite (event),,
SNOMED,1255340003,Closed fracture of multiple phalanges of fingers (disorder),,
SNOMED,1255341004,Closed comminuted fracture of phalanx of finger (disorder),,
SNOMED,1255805006,Malignant lymphoma of lymph nodes of head (disorder),,
SNOMED,1255806007,Malignant lymphoma of lymph nodes of neck (disorder),,
SNOMED,1255807003,Malignant lymphoma of lymph nodes of head and neck (disorder),,
SNOMED,125664002,Open wound of toe (disorder),,
SNOMED,1260268001,Myelodysplastic syndrome with low blasts (disorder),,
SNOMED,126789008,Neoplasm of submaxillary gland (disorder),,
SNOMED,127287001,Intertrochanteric fracture (disorder),,
SNOMED,127294003,Traumatic or nontraumatic brain injury (disorder),,
SNOMED,127601009,Hammer toe operation (procedure),,
SNOMED,128049000,Disorder of cervical spine (disorder),,
SNOMED,1285702007,Monitoring of lithium therapy (regime/therapy),,
SNOMED,129836000,Noncompliance with therapeutic regimen (finding),,
SNOMED,13164000,Reduced visual acuity (finding),,
SNOMED,13267003,Gastric motor function disorder (disorder),,
SNOMED,134290008,Vocal cord dysfunction (finding),,
SNOMED,13438001,Overanxious disorder of childhood (disorder),,
SNOMED,134388005,Monofilament foot sensation test (procedure),,
SNOMED,1345130001,Aspirated food in respiratory tract (disorder),,
SNOMED,1366546000,Post-traumatic urethral stricture (disorder),,
SNOMED,1373497002,Tenosynovitis of finger (disorder),,
SNOMED,13753008,Hemifacial spasm (disorder),,
SNOMED,1415005,Lymphangitis (disorder),,
SNOMED,14189004,Measles (disorder),,
SNOMED,14981000,Urethral fistula (disorder),,
SNOMED,150062003,Osteotomy (procedure),,
SNOMED,15023006,Thromboendarterectomy with graft of carotid artery by neck incision (procedure),,
SNOMED,15250008,Disorder of cornea (disorder),,
SNOMED,15544002,Restrictive cardiomyopathy secondary to infiltrations (disorder),,
SNOMED,155441006,Polyarteritis nodosa (disorder),,
SNOMED,15555002,Acute pericarditis (disorder),,
SNOMED,1563006,Protein S deficiency disease (disorder),,
SNOMED,161443002,History of hypothyroidism (situation),,
SNOMED,161445009,History of diabetes mellitus (situation),,
SNOMED,161675005,History of artificial eyeglobe (situation),,
SNOMED,161744009,Past pregnancy history of miscarriage (situation),,
SNOMED,161882006,Stiff neck (finding),,
SNOMED,16564004,"Hartmann operation, rectal resection (procedure)",,
SNOMED,165879008,Autoantibody titer detected (finding),,
SNOMED,16814004,Pneumococcal infectious disease (disorder),,
SNOMED,16851005,Mitochondrial myopathy (disorder),,
SNOMED,168840001,Barium enema abnormal (finding),,
SNOMED,16922007,Hereditary coagulation factor deficiency (disorder),,
SNOMED,169734005,Spontaneous rupture of membranes (finding),,
SNOMED,170537006,Requires a tetanus booster (finding),,
SNOMED,171014001,Medical counseling (procedure),,
SNOMED,17155009,Trichotillomania (disorder),,
SNOMED,174929002,Replacement of aortic valve with mechanical valve prosthesis (procedure),,
SNOMED,18193002,Hypochondriasis (disorder),,
SNOMED,183668008,Total avulsion of nail plate (procedure),,
SNOMED,1847009,Endophthalmitis (disorder),,
SNOMED,18546004,Congenital stenosis of aortic valve (disorder),,
SNOMED,186903006,Late latent syphilis (disorder),,
SNOMED,187058000,Histoplasmosis with retinitis (disorder),,
SNOMED,18773000,Cyclical vomiting syndrome (disorder),,
SNOMED,187792009,Malignant neoplasm of tail of pancreas (disorder),,
SNOMED,188060000,Malignant melanoma of shoulder (disorder),,
SNOMED,188061001,Malignant melanoma of upper arm (disorder),,
SNOMED,191461002,Senile dementia with delirium (disorder),,
SNOMED,191667009,Paranoid disorder (disorder),,
SNOMED,191819002,Continuous opioid dependence (disorder),,
SNOMED,192759008,Cerebral venous sinus thrombosis (disorder),,
SNOMED,19307009,Drug-induced immune thrombocytopenia (disorder),,
SNOMED,193253000,Myopathy due to Sjögren's disease (disorder),,
SNOMED,193638002,Stimulus deprivation amblyopia (disorder),,
SNOMED,194736003,Mitral and aortic incompetence (disorder),,
SNOMED,195147006,Thrombus of atrium (disorder),,
SNOMED,195189003,Cerebral infarction due to thrombosis of cerebral arteries (disorder),,
SNOMED,195984007,Recurrent bronchiectasis (disorder),,
SNOMED,196102003,Spontaneous tension pneumothorax (disorder),,
SNOMED,1963002,Paroxysmal nocturnal hemoglobinuria (disorder),,
SNOMED,19636003,Monocytosis (disorder),,
SNOMED,196500001,Submandibular sialolithiasis (disorder),,
SNOMED,197659005,Atrophy of kidney (disorder),,
SNOMED,197805009,Postoperative ureteric constriction (disorder),,
SNOMED,197853008,Recurrent cystitis (disorder),,
SNOMED,19877001,Rhinophyma (disorder),,
SNOMED,199230006,Pre-existing type 2 diabetes mellitus (disorder),,
SNOMED,199734003,Abnormal biochemical finding on antenatal screening of mother (finding),,
SNOMED,199879009,Congenital anomaly of skin (disorder),,
SNOMED,200586004,Carbuncle of back (disorder),,
SNOMED,200751004,Abscess of face (disorder),,
SNOMED,201834006,"Localized, primary osteoarthritis of the hand (disorder)",,
SNOMED,202479004,Pain of acromioclavicular joint (finding),,
SNOMED,202723000,Cervical post-laminectomy syndrome (disorder),,
SNOMED,202843000,Full thickness rotator cuff tear (disorder),,
SNOMED,202912006,Flexor tenosynovitis of finger (disorder),,
SNOMED,203241002,Osteomyelitis of vertebra (disorder),,
SNOMED,203468000,Aneurysmal bone cyst (disorder),,
SNOMED,2043009,Alcoholic gastritis (disorder),,
SNOMED,204342004,Congenital atresia of pulmonary valve (disorder),,
SNOMED,204888000,Penile hypospadias (disorder),,
SNOMED,20607006,Gingivostomatitis (disorder),,
SNOMED,20636006,Vertical heterophoria (disorder),,
SNOMED,2073000,Delusion (finding),,
SNOMED,20793008,Scapulalgia (finding),,
SNOMED,208629000,"Closed fracture of tibia and fibula, shaft (disorder)",,
SNOMED,208921000,"Acute meniscal tear, lateral (disorder)",,
SNOMED,208981003,Closed traumatic dislocation ankle joint (disorder),,
SNOMED,210987008,Abrasion of face (disorder),,
SNOMED,21120002,Osteomyelitis of lower leg (disorder),,
SNOMED,211486004,Contusion of anterior abdominal wall (disorder),,
SNOMED,21664006,Chronic meningitis (disorder),,
SNOMED,217094006,Fall from steps (event),,
SNOMED,218164000,Accident caused by electric current (event),,
SNOMED,22240003,Pericoronitis (disorder),,
SNOMED,224960004,Tired (finding),,
SNOMED,225565007,Perineal pain (finding),,
SNOMED,22911007,Closed traumatic dislocation of joint of shoulder region (disorder),,
SNOMED,230482003,Carotidynia (disorder),,
SNOMED,230808006,Brain ventricular shunt obstruction (disorder),,
SNOMED,231543005,Speech and language disorder (disorder),,
SNOMED,231866000,Conjunctival foreign body (disorder),,
SNOMED,232017001,Anterior proliferative vitreoretinopathy (disorder),,
SNOMED,232254004,Chronic non-suppurative otitis media (disorder),,
SNOMED,232340005,Disorder of nasal cavity (disorder),,
SNOMED,232613003,Attention to tracheostomy (procedure),,
SNOMED,233182007,Permanent cardiac pacemaker procedure (procedure),,
SNOMED,233445008,Transjugular intrahepatic portosystemic shunt (procedure),,
SNOMED,233456008,Stripping of vein (procedure),,
SNOMED,233659006,Asbestos-induced pleural plaque (disorder),,
SNOMED,233816003,Postoperative cardiac complication (disorder),,
SNOMED,233844002,Accelerated coronary artery disease in transplanted heart (disorder),,
SNOMED,233896004,Re-entrant atrioventricular node tachycardia (disorder),,
SNOMED,233988005,Carotid artery aneurysm (disorder),,
SNOMED,234109007,Lymphocele (disorder),,
SNOMED,235849009,Small intestinal gangrene (disorder),,
SNOMED,235853006,Angiodysplasia of intestine (disorder),,
SNOMED,235985005,Fecal peritonitis (disorder),,
SNOMED,236005001,Malignant ascites (disorder),,
SNOMED,236488005,Renal artery occlusion (disorder),,
SNOMED,236570004,Renal transplant rejection (disorder),,
SNOMED,236708007,Calyceal renal calculus (disorder),,
SNOMED,238456006,Snake bite (event),,
SNOMED,238742005,Acne keloidalis (disorder),,
SNOMED,238772004,Livedo reticularis (disorder),,
SNOMED,239737007,Contracture of joint of finger (disorder),,
SNOMED,239777004,Knee pyogenic arthritis (disorder),,
SNOMED,239791005,Seropositive rheumatoid arthritis (disorder),,
SNOMED,239993003,Ischial bursitis (disorder),,
SNOMED,240028007,Enthesopathy of foot region (disorder),,
SNOMED,240198002,Osteoporotic vertebral collapse (disorder),,
SNOMED,240302002,Neonatal erythroderma (disorder),,
SNOMED,240530001,Epstein-Barr virus disease (disorder),,
SNOMED,24548005,Cyst of vagina (disorder),,
SNOMED,246656009,Loss of part of visual field (finding),,
SNOMED,247467008,Comedone (disorder),,
SNOMED,248523006,Rectal mass (finding),,
SNOMED,248861000,Atrophic vulva (disorder),,
SNOMED,249263004,Adhesions of foreskin (disorder),,
SNOMED,249444002,Vocal cord cyst (disorder),,
SNOMED,249915009,Hand joint stiff (finding),,
SNOMED,251036003,Aortic root dilatation (disorder),,
SNOMED,251331003,Alveolar periostitis (disorder),,
SNOMED,253184003,Chiari malformation (disorder),,
SNOMED,253785008,Generalized congenital intestinal dysmotility (disorder),,
SNOMED,254462001,Carcinoma of parotid gland (disorder),,
SNOMED,254570009,Carcinoma of duodenum (disorder),,
SNOMED,254588001,Polyp of intestine (disorder),,
SNOMED,254622008,Squamous cell carcinoma of bronchus (disorder),,
SNOMED,255052006,Malignant neoplasm of unknown origin (disorder),,
SNOMED,255155005,Pleomorphic adenoma of parotid gland (disorder),,
SNOMED,25604001,Traumatic injury of common peroneal nerve (disorder),,
SNOMED,262952002,Traumatic intracranial subdural hematoma (disorder),,
SNOMED,262966007,Rupture of muscle (disorder),,
SNOMED,265132005,Primary open reduction and internal fixation of proximal femoral fracture with screw/nail and plate device (procedure),,
SNOMED,265636007,Cerclage of cervix (procedure),,
SNOMED,268228006,Undescended testes - bilateral (disorder),,
SNOMED,268481000,Child health care (regime/therapy),,
SNOMED,269460009,Malignant neoplasm of greater curvature of stomach (disorder),,
SNOMED,271479005,Benign neoplasm of pituitary gland and craniopharyngeal duct (disorder),,
SNOMED,271808008,Generalized edema (finding),,
SNOMED,274134003,Leukoplakia (disorder),,
SNOMED,274331003,Surgical biopsy of breast (procedure),,
SNOMED,275448003,Perianal dermatitis (disorder),,
SNOMED,275517008,Superficial vein thrombosis (disorder),,
SNOMED,276720006,Dysmorphism (disorder),,
SNOMED,276954004,Squamous cell carcinoma of floor of mouth (disorder),,
SNOMED,277890004,Toe swelling (finding),,
SNOMED,279029001,Pain in cervical spine (finding),,
SNOMED,282760004,Clavicle injury (disorder),,
SNOMED,283359004,Laceration of forehead (disorder),,
SNOMED,28391008,Localized retinal edema (disorder),,
SNOMED,284470004,Premature atrial contraction (disorder),,
SNOMED,287001000,"Cellulitis of leg, excluding foot (disorder)",,
SNOMED,28715001,Objective tinnitus (finding),,
SNOMED,28884001,"Moderate bipolar I disorder, single manic episode (disorder)",,
SNOMED,289794001,Lesion of cervix (disorder),,
SNOMED,290113009,Bloody nipple discharge (disorder),,
SNOMED,29260007,Immunoglobulin A deficiency (disorder),,
SNOMED,298167002,Inflammation of joint of finger (finding),,
SNOMED,299647001,Amputated above knee (finding),,
SNOMED,300092000,Lesion of external ear (disorder),,
SNOMED,300197009,Ear problem (finding),,
SNOMED,30238006,Secondary female infertility (disorder),,
SNOMED,302849000,Nephroblastoma (disorder),,
SNOMED,302851001,Synovial sarcoma (disorder),,
SNOMED,302896008,Keratoconjunctivitis sicca (disorder),,
SNOMED,302910002,Atherosclerotic renal artery stenosis (disorder),,
SNOMED,30731004,Glossodynia (disorder),,
SNOMED,308068007,History of treatment for ischemic heart disease (situation),,
SNOMED,308665009,Replacement of pulmonary valve with biological valve prosthesis (procedure),,
SNOMED,308899009,Unsatisfactory living conditions (finding),,
SNOMED,309083007,Abscess of back (disorder),,
SNOMED,309557009,Numbness of face (finding),,
SNOMED,31216003,Profound intellectual disability (disorder),,
SNOMED,313071005,Counseling for harmful pattern of substance use (procedure),,
SNOMED,313341008,International normalized ratio above reference range (finding),,
SNOMED,314201008,Dislocation of hip joint prosthesis (disorder),,
SNOMED,314788004,Divergence insufficiency (disorder),,
SNOMED,31487001,Disseminated idiopathic skeletal hyperostosis (disorder),,
SNOMED,315058005,Hereditary nonpolyposis colon cancer (disorder),,
SNOMED,31611000,Multiple personality disorder (disorder),,
SNOMED,31975004,Fracture of scaphoid bone (disorder),,
SNOMED,32402008,Facial spasm (finding),,
SNOMED,32477003,Heart-lung transplant with recipient cardiectomy-pneumonectomy (procedure),,
SNOMED,3253007,Discoloration of skin (finding),,
SNOMED,32805004,Fractures of multiple bones of lower limb (disorder),,
SNOMED,33325001,Compensatory emphysema (disorder),,
SNOMED,3345002,Idiopathic osteoporosis (disorder),,
SNOMED,34250006,Benign mucous membrane pemphigoid (disorder),,
SNOMED,34631000,Administration of vaccine product containing only Rabies lyssavirus antigen (procedure),,
SNOMED,35055000,Band-shaped keratopathy (disorder),,
SNOMED,35195001,Frostbite of foot (disorder),,
SNOMED,35742006,Congenital syphilis (disorder),,
SNOMED,35745008,Umbilical discharge (finding),,
SNOMED,35908007,Chronic arthritis (disorder),,
SNOMED,359901001,Neuroplasty and transposition of median nerve at carpal tunnel (procedure),,
SNOMED,36046008,Ischiorectal abscess (disorder),,
SNOMED,36179005,Reversible ischemic neurologic deficit syndrome (disorder),,
SNOMED,363360003,Malignant neoplasm of oral part of tongue (disorder),,
SNOMED,363411007,Malignant neoplasm of appendix (disorder),,
SNOMED,363445000,Malignant neoplasm of vagina (disorder),,
SNOMED,363457009,Malignant neoplasm of renal pelvis (disorder),,
SNOMED,363459007,Malignant neoplasm of urethra (disorder),,
SNOMED,363516004,Malignant neoplasm of penis (disorder),,
SNOMED,367401004,Myelogram (procedure),,
SNOMED,367460001,Pituitary dwarfism (disorder),,
SNOMED,367489004,Infantile malignant osteopetrosis (disorder),,
SNOMED,36758002,Late effect of fracture of lower extremities (disorder),,
SNOMED,370240005,Superficial laceration of foot (disorder),,
SNOMED,37031009,Motion sickness (finding),,
SNOMED,37098000,Cellulitis of external nose (disorder),,
SNOMED,371128008,Occupational injury (disorder),,
SNOMED,371686006,Infection caused by Mycobacterium avium-intracellulare group (disorder),,
SNOMED,372103002,Carcinoma of glottis (disorder),,
SNOMED,37236007,Dermabrasion (procedure),,
SNOMED,373415004,Implantation of posterior chamber intraocular lens (procedure),,
SNOMED,373436002,Infection caused by Mycobacterium intracellulare (disorder),,
SNOMED,37373007,Meckel's diverticulum (disorder),,
SNOMED,37471005,Hypersensitivity pneumonitis (disorder),,
SNOMED,37871000,Acute hepatitis (disorder),,
SNOMED,37941009,Rumination disorder (disorder),,
SNOMED,385715006,Cardiac care (regime/therapy),,
SNOMED,38739001,Hepatic vein thrombosis (disorder),,
SNOMED,392133001,Pigment dispersion syndrome (disorder),,
SNOMED,39335003,Closed fracture of four ribs (disorder),,
SNOMED,39526006,Redundant prepuce (disorder),,
SNOMED,3972004,Primary insomnia (disorder),,
SNOMED,397810006,Pyosalpinx (disorder),,
SNOMED,397827003,Growth hormone deficiency (disorder),,
SNOMED,39837002,Alternating esotropia (disorder),,
SNOMED,399357009,Thiamine deficiency (disorder),,
SNOMED,399901005,Acquired plantar keratoderma (disorder),,
SNOMED,400003000,Delayed puberty (disorder),,
SNOMED,400159008,Congenital vascular malformation (disorder),,
SNOMED,40059006,Creation of aortofemoral shunt (procedure),,
SNOMED,402698005,Dermatitis of external ear (disorder),,
SNOMED,402843003,Venous lake (disorder),,
SNOMED,402894005,Recurrent genital herpes simplex (disorder),,
SNOMED,403191005,Partial thickness burn (disorder),,
SNOMED,403915004,Basal cell carcinoma of scalp (disorder),,
SNOMED,404134006,Anaplastic large T-cell systemic malignant lymphoma (disorder),,
SNOMED,405555006,Hemorrhage of urethra (disorder),,
SNOMED,405822008,Squamous cell carcinoma of larynx (disorder),,
SNOMED,40650009,Obstruction of colon (disorder),,
SNOMED,408750000,"Complex regional pain syndrome, type II, upper limb (disorder)",,
SNOMED,41207000,Adenoviral pneumonia (disorder),,
SNOMED,41308008,Acute follicular conjunctivitis (disorder),,
SNOMED,413532003,Anemia due to blood loss (disorder),,
SNOMED,414821002,Neonatal candidiasis (disorder),,
SNOMED,415992005,Disorder of right cardiac ventricle (disorder),,
SNOMED,416033009,Cervicovaginal cytology: High grade squamous intraepithelial lesion or carcinoma (finding),,
SNOMED,416519002,Family history of renal stone (situation),,
SNOMED,417044008,"Hydatidiform mole, benign (disorder)",,
SNOMED,417996009,Systolic heart failure (disorder),,
SNOMED,418103007,Hypertrophy of lingual tonsil (disorder),,
SNOMED,419645003,Benign neoplasm of internal part of mouth (disorder),,
SNOMED,420519005,Malignant lymphoma of the eye region (disorder),,
SNOMED,422504002,Ischemic stroke (disorder),,
SNOMED,423294001,Idiopathic hypereosinophilic syndrome (disorder),,
SNOMED,423417009,Tendinitis of hand (disorder),,
SNOMED,424294008,Delayed hypersensitivity skin test for tuberculin purified protein derivative (procedure),,
SNOMED,424648000,Closed fracture of base of fifth metatarsal bone (disorder),,
SNOMED,424959007,Foreign body of neck (disorder),,
SNOMED,426284001,Chemical burn (disorder),,
SNOMED,426566004,Central pain syndrome (disorder),,
SNOMED,426896000,Chronic hypercapnic respiratory failure (disorder),,
SNOMED,427547007,Female infertility due to diminished ovarian reserve (disorder),,
SNOMED,427746000,Mass of shoulder region (finding),,
SNOMED,427749007,History of operative procedure on knee (situation),,
SNOMED,427788009,Ulcer of genital labium (disorder),,
SNOMED,428071007,History of repair of coarctation of aorta (situation),,
SNOMED,428077006,History of repair of inguinal hernia (situation),,
SNOMED,428375006,History of placement of stent for coronary artery disease (situation),,
SNOMED,428786006,Localized superficial swelling of skin (finding),,
SNOMED,428892006,History of thyroidectomy (situation),,
SNOMED,428912006,History of placement of stent in anterior descending branch of left coronary artery (situation),,
SNOMED,429016002,History of medullary carcinoma of thyroid (situation),,
SNOMED,429089000,History of malignant neoplasm of endometrium (situation),,
SNOMED,429164009,History of excision of lamina of lumbar vertebra for decompression of spinal cord (situation),,
SNOMED,429447000,Disorder of tendon of biceps (disorder),,
SNOMED,4.29631E+14,Glanular hypospadias (disorder),,
SNOMED,433237003,Neonatal cholestasis (disorder),,
SNOMED,43422002,Crushing injury of foot (disorder),,
SNOMED,439590007,Cardiovascular stress test abnormal (finding),,
SNOMED,441099000,Atypical squamous cells of undetermined significance on vaginal Papanicolaou smear (finding),,
SNOMED,441846005,Nonspecific tuberculin test reaction (finding),,
SNOMED,442077006,Flaccid hemiplegia of nondominant side (disorder),,
SNOMED,442098006,Mass of foot (finding),,
SNOMED,442460002,Procedure on wound (procedure),,
SNOMED,443250000,Malignant fibromatous neoplasm (disorder),,
SNOMED,443495005,Neoplasm of lymphoid system structure (disorder),,
SNOMED,443678007,Splinter foreign body (disorder),,
SNOMED,443718009,Celiac disease detected by autoantibody screening (finding),,
SNOMED,443760008,Sleep hypoventilation (disorder),,
SNOMED,444197004,"Multiple system atrophy, Parkinson variant (disorder)",,
SNOMED,444374006,Type C thymoma (disorder),,
SNOMED,44455001,Hypersomnia disorder related to a known organic factor (disorder),,
SNOMED,444597005,Extranodal marginal zone lymphoma of mucosa-associated lymphoid tissue of stomach (disorder),,
SNOMED,444767004,Fussy toddler (finding),,
SNOMED,444814009,Viral sinusitis (disorder),,
SNOMED,444932008,Dependence on ventilator (finding),,
SNOMED,445088006,Edema of face (finding),,
SNOMED,445201008,Carcinoembryonic antigen above reference range (finding),,
SNOMED,445429009,Excision of lamina of cervical vertebra (procedure),,
SNOMED,445460009,Epstein-Barr virus antibody detected in serum (finding),,
SNOMED,445478004,Osteoarthritis of pelvis (disorder),,
SNOMED,44548000,Hyperactive behavior (finding),,
SNOMED,44653001,Erysipelas (disorder),,
SNOMED,446859003,Laceration of nail bed of toe (disorder),,
SNOMED,44695005,Paralysis (finding),,
SNOMED,44795003,Rhesus isoimmunization affecting pregnancy (disorder),,
SNOMED,45369008,Arginine vasopressin deficiency (disorder),,
SNOMED,45613006,Contusion of lower leg (disorder),,
SNOMED,4568003,Retrosternal pain (finding),,
SNOMED,45688009,Pars planitis (disorder),,
SNOMED,46716003,Microalbuminuria measurement (procedure),,
SNOMED,46795000,Actinic cheilitis (disorder),,
SNOMED,47374004,Tarsal tunnel syndrome (disorder),,
SNOMED,47717004,Abnormal deglutition (finding),,
SNOMED,47841006,Chronic nasopharyngitis (disorder),,
SNOMED,48273005,Aneurysm of popliteal artery (disorder),,
SNOMED,48409008,Respiratory crackles (finding),,
SNOMED,48611009,Darier disease (disorder),,
SNOMED,48813009,Lymphocytopenia (disorder),,
SNOMED,49130001,Disorder of external ear (disorder),,
SNOMED,49209004,Subtotal gastrectomy (procedure),,
SNOMED,49563000,Periorbital edema (disorder),,
SNOMED,50715003,Pure red cell aplasia (disorder),,
SNOMED,50792001,Corneal erosion (disorder),,
SNOMED,50793006,Crushing injury of hand (disorder),,
SNOMED,5084002,Primary female infertility (disorder),,
SNOMED,52824009,Developmental reading disorder (disorder),,
SNOMED,53854005,Chorioretinal scar (disorder),,
SNOMED,54012000,Posttraumatic headache (finding),,
SNOMED,54641008,Closed fracture of base of metacarpal bone other than first metacarpal (disorder),,
SNOMED,54687002,Arterial embolism (disorder),,
SNOMED,55042009,Contusion of ankle (disorder),,
SNOMED,5510009,Organic delusional disorder (disorder),,
SNOMED,56170001,Photopsia (disorder),,
SNOMED,57219006,Craniosynostosis syndrome (disorder),,
SNOMED,57805002,Alternating exotropia with V pattern (disorder),,
SNOMED,58381000,Hypersplenism (disorder),,
SNOMED,5.91E+11,Vaccine declined by patient (situation),,
SNOMED,59698003,Disorder of conjunctiva (disorder),,
SNOMED,59703009,Cervical arthrodesis by anterior technique (procedure),,
SNOMED,59890007,Paralytic lagophthalmos (finding),,
SNOMED,60032008,Unable to concentrate (finding),,
SNOMED,609380008,Bowing deformity of lower limb (finding),,
SNOMED,609564002,Pre-existing type 1 diabetes mellitus in pregnancy (disorder),,
SNOMED,61167004,Thyroid stimulating hormone measurement (procedure),,
SNOMED,61372001,Aggressive behavior (finding),,
SNOMED,61937009,Simple chronic bronchitis (disorder),,
SNOMED,63181006,Paranoid schizophrenia in remission (disorder),,
SNOMED,6374002,Bundle branch block (disorder),,
SNOMED,64386003,Harmful pattern of use of sedative (disorder),,
SNOMED,64635004,Congenital nystagmus (disorder),,
SNOMED,6475002,"Primary degenerative dementia of the Alzheimer type, presenile onset, uncomplicated (disorder)",,
SNOMED,65619001,Rectovaginal fistula (disorder),,
SNOMED,65814009,Subluxation of lens (disorder),,
SNOMED,65958008,Hiccoughs (finding),,
SNOMED,66926007,Closed fracture of femoral condyle of femur (disorder),,
SNOMED,67557008,Laparoscopic cholecystectomy with exploration of common duct (procedure),,
SNOMED,67905004,Acute-on-chronic respiratory failure (disorder),,
SNOMED,68033004,Tracheostomy complication (disorder),,
SNOMED,68451005,Chronic gouty arthritis (disorder),,
SNOMED,6929003,Urethral caruncle (disorder),,
SNOMED,6990005,Fracture of shaft of tibia (disorder),,
SNOMED,699462004,Monoarthritis (disorder),,
SNOMED,700038005,Mastitis associated with lactation (disorder),,
SNOMED,702785000,Large cell anaplastic lymphoma T cell and null cell type (disorder),,
SNOMED,705066004,Dissection of internal carotid artery (disorder),,
SNOMED,70534000,Occult spinal dysraphism sequence (disorder),,
SNOMED,708921005,Carcinoma of central portion of breast (disorder),,
SNOMED,713029000,Dissection of thoracoabdominal aorta (disorder),,
SNOMED,715950008,Anaplastic lymphoma kinase positive large B-cell lymphoma (disorder),,
SNOMED,71884009,Precordial pain (finding),,
SNOMED,72128008,Disorder of refraction AND/OR accommodation (disorder),,
SNOMED,721537005,Acquired Horner syndrome (disorder),,
SNOMED,72275000,Relapsing polychondritis (disorder),,
SNOMED,722813003,Strain of tendon of wrist (disorder),,
SNOMED,7231009,Bullous dermatosis (disorder),,
SNOMED,723177002,Recurrent ulcer of mouth (disorder),,
SNOMED,72893007,Brachial neuritis (disorder),,
SNOMED,73181007,Recurrent pterygium (disorder),,
SNOMED,73410007,Benign secondary renovascular hypertension (disorder),,
SNOMED,735541006,Dissociative neurological symptom disorder (disorder),,
SNOMED,73817000,Inflammation of intestine caused by radiation (disorder),,
SNOMED,74417001,Mucopurulent chronic bronchitis (disorder),,
SNOMED,74682007,Crushing injury of toe (disorder),,
SNOMED,75630004,Derangement of temporomandibular joint (disorder),,
SNOMED,7573000,Classical phenylketonuria (disorder),,
SNOMED,767002009,Congenital dislocation of left hip (disorder),,
SNOMED,767003004,Congenital dislocation of right hip (disorder),,
SNOMED,76902006,Tetanus (disorder),,
SNOMED,76956004,"Amputation of finger, except thumb (procedure)",,
SNOMED,7699004,Adhesive middle ear disease (disorder),,
SNOMED,770626007,Congenital Horner syndrome (disorder),,
SNOMED,772005003,Failed ventouse delivery (situation),,
SNOMED,77224008,Spina bifida of lumbar region (disorder),,
SNOMED,78129009,Thrombotic thrombocytopenic purpura (disorder),,
SNOMED,78141002,Erb-Duchenne paralysis (disorder),,
SNOMED,78715003,Subdeltoid bursitis (disorder),,
SNOMED,79168008,Congenital genu varum (disorder),,
SNOMED,80093006,Enophthalmos (disorder),,
SNOMED,80623000,"Sleep-wake schedule disorder, delayed phase type (disorder)",,
SNOMED,82275008,Allergic granulomatosis angiitis (disorder),,
SNOMED,83785004,Transient blindness (disorder),,
SNOMED,84568007,Atrophic gastritis (disorder),,
SNOMED,84760002,"Schizoaffective disorder, depressive type (disorder)",,
SNOMED,85042000,Epiphora due to insufficient drainage (disorder),,
SNOMED,85470006,"Testosterone measurement, total (procedure)",,
SNOMED,85942002,Ulceration of intestine (disorder),,
SNOMED,86088003,Centesis (procedure),,
SNOMED,86234004,Hypertensive heart AND renal disease (disorder),,
SNOMED,87366001,Total elbow replacement (procedure),,
SNOMED,87688009,Cholesteatoma of middle ear (disorder),,
SNOMED,87696004,Hemorrhagic cystitis (disorder),,
SNOMED,88562000,Acquired deformity of ankle AND/OR foot (disorder),,
SNOMED,88805009,Chronic congestive heart failure (disorder),,
SNOMED,89091004,Edema of eyelid (disorder),,
SNOMED,89405008,Vesicovaginal fistula (disorder),,
SNOMED,89452002,Hyperplastic polyp of intestine (disorder),,
SNOMED,8971008,Psychalgia (finding),,
SNOMED,89966002,Hematoma of scrotum (disorder),,
SNOMED,90673000,Burning sensation (finding),,
SNOMED,92369000,Benign neoplasm of skin of lip (disorder),,
SNOMED,92394004,Benign neoplasm of soft tissues of lower limb (disorder),,
SNOMED,93162007,Lipoma of spermatic cord (disorder),,
SNOMED,93974005,Primary malignant neoplasm of prostate (disorder),,
SNOMED,94243009,Metastatic malignant neoplasm to central nervous system (disorder),,
SNOMED,94351005,Metastatic malignant neoplasm to intrathoracic lymph nodes (disorder),,
SNOMED,94409002,Metastatic malignant neoplasm to mediastinum (disorder),,
SNOMED,94628003,Metastatic malignant neoplasm to retroperitoneum (disorder),,
SNOMED,95418008,Muscle spasm of head and/or neck (disorder),,
SNOMED,95441000,Stenosis of pulmonary artery (disorder),,
SNOMED,95800001,Asteroid hyalosis (disorder),,
SNOMED,95827002,Congenital hearing disorder (disorder),,
SNOMED,9682006,Fracture of scapula (disorder),,
SNOMED,9953008,Acute alcoholic liver disease (disorder),,
SNOMED,9957009,Urethral discharge (finding),,
SNOMED,102449007,Tardive dyskinesia (disorder),,
SNOMED,109385007,Kaposi's sarcoma (disorder),,
SNOMED,109843000,Hepatoblastoma (disorder),,
SNOMED,109972003,"Follicular non-Hodgkin's lymphoma, large cell (disorder)",,
SNOMED,111347003,Exostosis of jaw (disorder),,
SNOMED,111479008,Organic mental disorder (disorder),,
SNOMED,112104007,Localized pain (finding),,
SNOMED,11226001,Fuchs' heterochromic cyclitis (disorder),,
SNOMED,11791001,Necrotizing vasculitis (disorder),,
SNOMED,118618005,Mycosis fungoides (disorder),,
SNOMED,118939000,Disorder of neck (disorder),,
SNOMED,122465003,Reconstruction procedure (procedure),,
SNOMED,122856003,Oral examination (procedure),,
SNOMED,12351004,Crowding of teeth (disorder),,
SNOMED,123608004,Cholangiectasis (disorder),,
SNOMED,1255276000,Closed fracture of proximal phalanx of multiple fingers (disorder),,
SNOMED,1255277009,Closed comminuted fracture of proximal phalanx of finger (disorder),,
SNOMED,125597008,Injury of forearm (disorder),,
SNOMED,125665001,Crushing injury (disorder),,
SNOMED,1260437003,Synovitis and tenosynovitis of joint of knee (disorder),,
SNOMED,126824007,Neoplasm of stomach (disorder),,
SNOMED,1268415009,High frequency sensorineural hearing loss (disorder),,
SNOMED,1268429005,High frequency conductive hearing loss (disorder),,
SNOMED,127018007,Neoplasm of thyroid gland (disorder),,
SNOMED,128351009,Eye infection (disorder),,
SNOMED,1290142009,Family history of perinatal death (situation),,
SNOMED,1290143004,Past pregnancy history of perinatal death (situation),,
SNOMED,1290170006,Past pregnancy history of early neonatal death (situation),,
SNOMED,129128006,Infectious disorder of kidney (disorder),,
SNOMED,129252005,Suprapubic cystostomy (procedure),,
SNOMED,129846003,Polypharmacy (finding),,
SNOMED,14949009,Old disruption of ligament of knee (disorder),,
SNOMED,15803009,Pain of urinary bladder (finding),,
SNOMED,160381001,Family history: Gastrointestinal disease (situation),,
SNOMED,160417009,Family history of congenital disease (situation),,
SNOMED,160603005,Light cigarette smoker (1-9 cigs/day) (finding),,
SNOMED,161483005,History of Bell's palsy (situation),,
SNOMED,1.62167E+16,Past pregnancy history of intrauterine fetal death (situation),,
SNOMED,16358007,Chronic disease of tonsils AND/OR adenoids (disorder),,
SNOMED,168749009,Mammography normal (finding),,
SNOMED,16965008,Insertion of intra-aortic balloon counterpulsation (procedure),,
SNOMED,171237002,Skin disease screening (procedure),,
SNOMED,171251002,Urine screening abnormal (finding),,
SNOMED,172485001,Laser trabeculoplasty (procedure),,
SNOMED,175095005,Open ablation of atrioventricular node (procedure),,
SNOMED,17542004,Accident while engaged in work-related activity (event),,
SNOMED,178155009,Plastic repair of tendon (procedure),,
SNOMED,179950008,Abnormal defecation (finding),,
SNOMED,18003009,Gender identity disorder of adulthood (disorder),,
SNOMED,18283000,Acquired deformity of nose (disorder),,
SNOMED,18526009,Disorder of appendix (disorder),,
SNOMED,18643000,Ethmoidal sinusitis (disorder),,
SNOMED,187732006,Malignant neoplasm of cardia of stomach (disorder),,
SNOMED,187793004,Malignant neoplasm of pancreatic duct (disorder),,
SNOMED,188075008,Malignant melanoma of foot (disorder),,
SNOMED,188240003,Malignant neoplasm of dome of urinary bladder (disorder),,
SNOMED,18842008,Corticobasal degeneration (disorder),,
SNOMED,190368000,Type I diabetes mellitus with ulcer (disorder),,
SNOMED,190829000,Chronic urate nephropathy (disorder),,
SNOMED,191956005,Psychogenic hyperventilation (disorder),,
SNOMED,192082001,Aggressive unsocial conduct disorder (disorder),,
SNOMED,193137006,Lesion of radial nerve (disorder),,
SNOMED,193967004,Swelling of eyelid (finding),,
SNOMED,195303005,Gangrene of foot (disorder),,
SNOMED,195677001,Recurrent acute tonsillitis (disorder),,
SNOMED,195790000,Pansinusitis (disorder),,
SNOMED,195957006,Chronic bullous emphysema (disorder),,
SNOMED,197001004,Superior mesenteric vein thrombosis (disorder),,
SNOMED,197118003,Functional constipation (disorder),,
SNOMED,197166005,Rectal abscess (disorder),,
SNOMED,197210001,Anal and rectal polyp (disorder),,
SNOMED,197432008,Biliary dyskinesia (disorder),,
SNOMED,197494007,Intestinal malabsorption of fat (disorder),,
SNOMED,197618004,Chronic focal glomerulonephritis (disorder),,
SNOMED,200933006,Ocular rosacea (disorder),,
SNOMED,201281002,Café au lait spot (disorder),,
SNOMED,201796004,Systemic onset juvenile chronic arthritis (disorder),,
SNOMED,202109007,Old medial collateral ligament disruption (disorder),,
SNOMED,202248001,Recurrent subluxation of the patella (disorder),,
SNOMED,202735001,Lumbar disc prolapse with radiculopathy (disorder),,
SNOMED,203076007,Contracture of Achilles tendon (disorder),,
SNOMED,203095000,Spasm of back muscles (finding),,
SNOMED,205564003,Congenital pigmentary skin anomalies (disorder),,
SNOMED,20701002,Open reduction of fracture with internal fixation (procedure),,
SNOMED,20721001,Tricuspid valve disorder (disorder),,
SNOMED,207787008,Fracture of orbital floor (disorder),,
SNOMED,20848007,Infestation caused by Pediculus (disorder),,
SNOMED,20917003,Chronic glomerulonephritis (disorder),,
SNOMED,213017001,Sexual abuse (event),,
SNOMED,21779006,Retractile testis (disorder),,
SNOMED,228148009,Fine motor impairment (finding),,
SNOMED,230156002,Malignant meningitis (disorder),,
SNOMED,230631009,Ulnar nerve entrapment at elbow (disorder),,
SNOMED,230773005,Spastic cerebral palsy (disorder),,
SNOMED,2314005,Unprotected sexual intercourse (finding),,
SNOMED,231797007,Seborrheic blepharitis (disorder),,
SNOMED,231857004,Giant papillary conjunctivitis (disorder),,
SNOMED,232074003,Congenital hypertrophy of retinal pigment epithelium (disorder),,
SNOMED,23293006,Rupture of eye with partial loss of intraocular tissue (disorder),,
SNOMED,233185009,Reprogramming of cardiac pacemaker (procedure),,
SNOMED,233674008,Pulmonary emphysema in alpha-1 primary immunodeficiency deficiency (disorder),,
SNOMED,233845001,Cardiac syndrome X (finding),,
SNOMED,234228008,Disorder of implantable defibrillator (disorder),,
SNOMED,234467004,Thrombophilia (disorder),,
SNOMED,235019006,Erosion of oral mucosa (disorder),,
SNOMED,235570008,Dilation of bile duct (procedure),,
SNOMED,235774002,Abscess of colon co-occurrent and due to diverticular disease of colon (disorder),,
SNOMED,235918000,Obstruction of biliary tree (disorder),,
SNOMED,236117001,Retraction of stoma (disorder),,
SNOMED,23627006,Chronic pericarditis (disorder),,
SNOMED,236664000,Post-micturition incontinence (finding),,
SNOMED,23714000,Nasal vestibulitis (disorder),,
SNOMED,237240001,Teenage pregnancy (finding),,
SNOMED,238564003,Psoriasiform eczema (disorder),,
SNOMED,238968009,Vulvodynia (disorder),,
SNOMED,239729004,Rupture of medial collateral ligament of knee (disorder),,
SNOMED,239735004,Contracture of wrist joint (disorder),,
SNOMED,239817004,Synovitis of knee (disorder),,
SNOMED,240271006,Persistent pain associated with prosthesis of joint (disorder),,
SNOMED,248278004,Attacks of weakness (finding),,
SNOMED,248521008,Lump on finger (finding),,
SNOMED,24864009,Sprain of interphalangeal joint of toe (disorder),,
SNOMED,24867002,Severe adrenal insufficiency (disorder),,
SNOMED,249489001,Choking (finding),,
SNOMED,249913002,Knee stiff (finding),,
SNOMED,249914008,Hip stiff (finding),,
SNOMED,25082004,Resting tremor (finding),,
SNOMED,253032007,Benign pheochromocytoma (disorder),,
SNOMED,253416000,Atrioventricular septal defect: atrial and ventricular components (disorder),,
SNOMED,25416002,Peripheral neuralgia (finding),,
SNOMED,254547001,Carcinoma of upper third of esophagus (disorder),,
SNOMED,254794007,Angiosarcoma of skin (disorder),,
SNOMED,255034006,Thyroid follicular adenoma (disorder),,
SNOMED,255071008,Squamous cell carcinoma of lip (disorder),,
SNOMED,262802005,Laceration of liver (disorder),,
SNOMED,263207000,Fracture of shaft of radius and/or ulna (disorder),,
SNOMED,26460006,Slipped upper femoral epiphysis (disorder),,
SNOMED,266249003,Ventricular hypertrophy (disorder),,
SNOMED,26660001,Dilatation of aorta (disorder),,
SNOMED,266997008,History of gastrointestinal disease (situation),,
SNOMED,267023007,Excessive eating (finding),,
SNOMED,267971005,Thoracic spondylosis without myelopathy (disorder),,
SNOMED,268240006,Congenital torticollis (disorder),,
SNOMED,271511000,Hepatitis B immune (finding),,
SNOMED,274203005,Subungual hematoma of foot (disorder),,
SNOMED,274521009,Electroencephalogram abnormal (finding),,
SNOMED,274718005,Orchitis (disorder),,
SNOMED,275320004,Injury of nail (disorder),,
SNOMED,275544003,History of heart disorder (situation),,
SNOMED,275565009,History of intestinal by-pass (situation),,
SNOMED,275598004,Familial lipoprotein lipase deficiency (disorder),,
SNOMED,276962007,Squamous cell carcinoma of palate (disorder),,
SNOMED,277196008,Berry aneurysm (disorder),,
SNOMED,27836007,Pertussis (disorder),,
SNOMED,278504009,Afibrinogenemia (disorder),,
SNOMED,280972008,Arteriovenous graft thrombosis (disorder),,
SNOMED,28271003,Noninflammatory disorder of vulva (disorder),,
SNOMED,282785008,Anterior cord syndrome (disorder),,
SNOMED,284591009,Persistent alcohol abuse (disorder),,
SNOMED,28626004,Vesicocolic fistula (disorder),,
SNOMED,298172006,Inflammation of joint of foot (finding),,
SNOMED,298181000,Range of joint movement increased (finding),,
SNOMED,298731003,Pain of sternum (finding),,
SNOMED,298924009,Elbow joint unstable (finding),,
SNOMED,299233007,Deformity of hip joint (finding),,
SNOMED,300492006,Lesion of testis (disorder),,
SNOMED,300953009,Pain in axilla (finding),,
SNOMED,300996004,Controlled atrial fibrillation (disorder),,
SNOMED,301202006,Nasal sinus problem (finding),,
SNOMED,301218000,Lesion of vocal cord (disorder),,
SNOMED,301779004,Anal inflammation (disorder),,
SNOMED,302297009,Congenital deformity of foot (disorder),,
SNOMED,302935008,Infective discitis (disorder),,
SNOMED,302936009,Enthesopathy of wrist and/or hand (disorder),,
SNOMED,304321000,Decreased range of knee movement (finding),,
SNOMED,307136000,Old healed fracture of bone (finding),,
SNOMED,30721006,Intention tremor (finding),,
SNOMED,310701003,Behcet's syndrome (disorder),,
SNOMED,311764000,Family counseling (procedure),,
SNOMED,313270001,Percutaneous insertion of nephrostomy tube (procedure),,
SNOMED,314128006,Laparoscopic total fundoplication using abdominal approach (procedure),,
SNOMED,330007,Occipital headache (finding),,
SNOMED,33149006,Pancreatectomy (procedure),,
SNOMED,33195004,External beam radiation therapy procedure (procedure),,
SNOMED,34124000,Foreign body in vagina (disorder),,
SNOMED,35481005,Mixed bipolar I disorder in remission (disorder),,
SNOMED,359551000,Percutaneous transluminal angioplasty of vein using fluoroscopic guidance with contrast (procedure),,
SNOMED,36184004,Aneurysm of renal artery (disorder),,
SNOMED,363385007,Malignant neoplasm of floor of mouth (disorder),,
SNOMED,363475005,Malignant neoplasm of spinal cord (disorder),,
SNOMED,363494000,Malignant neoplasm of mediastinum (disorder),,
SNOMED,363501002,Malignant neoplasm of face (disorder),,
SNOMED,365458002,Education and/or schooling finding (finding),,
SNOMED,36995006,Drainage of external ear (procedure),,
SNOMED,37042000,Guttate psoriasis (disorder),,
SNOMED,370532003,Head tilt (finding),,
SNOMED,370540009,Adverse reaction caused by food (disorder),,
SNOMED,37102008,Disorder of endocrine ovary (disorder),,
SNOMED,371090009,Cholestasis of parenteral nutrition (disorder),,
SNOMED,3713005,Release for de Quervain's tenosynovitis of hand (procedure),,
SNOMED,371345007,Laser peripheral iridotomy (procedure),,
SNOMED,373584008,Congenital obstruction of ureteropelvic junction (disorder),,
SNOMED,37746008,Avoidant personality disorder (disorder),,
SNOMED,37895003,Osteoarthrosis of the carpometacarpal joint of the thumb (disorder),,
SNOMED,384643000,Repair of tricuspid valve (procedure),,
SNOMED,391083006,History of bilateral oophorectomy (situation),,
SNOMED,39539005,Abnormal renal function (finding),,
SNOMED,39812007,Contusion of forearm (disorder),,
SNOMED,398987004,Headache following lumbar puncture (disorder),,
SNOMED,399044006,Glossopyrosis (disorder),,
SNOMED,399141000,Male sterilization (procedure),,
SNOMED,399205006,Pseudofolliculitis barbae (disorder),,
SNOMED,399992009,Erythroderma (disorder),,
SNOMED,400038003,Congenital malformation syndrome (disorder),,
SNOMED,400178008,Lymphangioma (disorder),,
SNOMED,402522006,Basal cell carcinoma of lower extremity (disorder),,
SNOMED,402695008,Pruritic scalp dermatosis (disorder),,
SNOMED,402878003,Germ cell tumor (disorder),,
SNOMED,402944008,Condylomata lata of perianal skin (disorder),,
SNOMED,403899005,Squamous cell carcinoma of skin of trunk (disorder),,
SNOMED,404098005,Digital mucous cyst (disorder),,
SNOMED,404670008,Cholesterol retinal embolus (disorder),,
SNOMED,405843009,Widespread metastatic malignant neoplastic disease (disorder),,
SNOMED,406161008,Alteration in parenting (finding),,
SNOMED,40631009,Skew deviation (disorder),,
SNOMED,408749000,"Complex regional pain syndrome, type II, lower limb (disorder)",,
SNOMED,409675001,Partial thromboplastin time increased (finding),,
SNOMED,409711008,Viral labyrinthitis (disorder),,
SNOMED,410798004,"Juvenile idiopathic arthritis, oligoarthritis (disorder)",,
SNOMED,41114007,Mild pre-eclampsia (disorder),,
SNOMED,413839001,Chronic lung disease (disorder),,
SNOMED,416032004,Cervicovaginal cytology normal or benign (finding),,
SNOMED,416377005,Port-wine stain of skin (disorder),,
SNOMED,416605008,Acquired obstruction of pylorus (disorder),,
SNOMED,416878008,Papillary conjunctivitis (disorder),,
SNOMED,417109008,Subluxation of radial head (disorder),,
SNOMED,419422001,Narrow angle (finding),,
SNOMED,421631007,Gangrene due to type 2 diabetes mellitus (disorder),,
SNOMED,422065006,Constitutional short stature (disorder),,
SNOMED,422768004,Unresponsive (finding),,
SNOMED,423812005,Sarcoma of head and/or neck (disorder),,
SNOMED,423973006,"Carcinoma of uterine cervix, invasive (disorder)",,
SNOMED,42448002,Herpes zoster keratoconjunctivitis (disorder),,
SNOMED,425492002,Generalized dystonia (disorder),,
SNOMED,426014000,Fistula of hard palate (disorder),,
SNOMED,427665004,Paroxysmal atrial flutter (disorder),,
SNOMED,427778008,Collapse of nasal valve (disorder),,
SNOMED,427921009,Chronic ulcer of ankle (disorder),,
SNOMED,427964002,History of tympanostomy (situation),,
SNOMED,428255004,Tubulointerstitial nephritis (disorder),,
SNOMED,428383000,Anemia caused by medication (disorder),,
SNOMED,428540007,History of mastectomy (situation),,
SNOMED,42861008,Thrombophlebitis of iliac vein (disorder),,
SNOMED,428848009,History of decompression of median nerve (situation),,
SNOMED,429290001,History of radical hysterectomy (situation),,
SNOMED,429444007,History of malignant neoplasm of ureter (situation),,
SNOMED,429962007,Family history of hereditary disease (situation),,
SNOMED,431737008,Acute lower urinary tract infection (disorder),,
SNOMED,43363007,Posterior uveitis (disorder),,
SNOMED,43491000,Acute epididymitis (disorder),,
SNOMED,438759003,History of tonsillectomy (situation),,
SNOMED,43935004,Vascular ectasia of gastric antrum (disorder),,
SNOMED,43959009,Cataract of eye due to diabetes mellitus (disorder),,
SNOMED,439656005,Arthritis of elbow (disorder),,
SNOMED,44001008,Premature ejaculation (finding),,
SNOMED,441377000,Thallium stress test abnormal (finding),,
SNOMED,442205007,Stress fracture of tibia (disorder),,
SNOMED,443138004,Granulomatosis (disorder),,
SNOMED,443144000,Metastatic sarcoma (disorder),,
SNOMED,443482000,Hypertensive urgency (disorder),,
SNOMED,44428005,Cellulitis of buttock (disorder),,
SNOMED,444769001,Anovulatory amenorrhea (finding),,
SNOMED,444930000,Cytomegalovirus antibody not detected in serum (finding),,
SNOMED,445179000,Excessive self-criticism (finding),,
SNOMED,445378003,Acute exacerbation of bronchiectasis (disorder),,
SNOMED,445458007,Sensory ataxia (finding),,
SNOMED,446583004,Insertion of indwelling catheter into urinary bladder (procedure),,
SNOMED,44666001,Microcytic hypochromic anemia (disorder),,
SNOMED,45503006,Common ventricle (disorder),,
SNOMED,46674002,Nondiabetic proliferative retinopathy (disorder),,
SNOMED,46876003,Cellulitis of trunk (disorder),,
SNOMED,47032000,Congenital hydrocephalus (disorder),,
SNOMED,48146000,Diastolic hypertension (disorder),,
SNOMED,48475001,Disorder of diaphragm (disorder),,
SNOMED,49084001,Dermatitis caused by radiation (disorder),,
SNOMED,49795001,Total pneumonectomy (procedure),,
SNOMED,50445001,Mastoidectomy (procedure),,
SNOMED,51044000,Posterior capsule opacification not obscuring vision following extraction of cataract (disorder),,
SNOMED,51655004,Congenital anomaly of skull (disorder),,
SNOMED,51689003,Dystrophy of vulva (disorder),,
SNOMED,51995000,Rubeosis iridis (disorder),,
SNOMED,52012001,Acquired genu valgum (disorder),,
SNOMED,5217008,Stiff person spectrum disorder (disorder),,
SNOMED,52506002,Chronic ulcerative rectosigmoiditis (disorder),,
SNOMED,52613005,Excessive sweating (finding),,
SNOMED,53417006,Articular cartilage disorder (disorder),,
SNOMED,53785005,Injury to brachial plexus as birth trauma (disorder),,
SNOMED,53787002,Laryngismus (finding),,
SNOMED,54296007,Partial thickness burn of hand (disorder),,
SNOMED,55253009,Replacement of tricuspid valve with biologic valve prosthesis (procedure),,
SNOMED,55608001,Prurigo simplex (disorder),,
SNOMED,55855009,Disorder of pericardium (disorder),,
SNOMED,56226004,Stricture of intestine (disorder),,
SNOMED,56871000,Localized amyloidosis (disorder),,
SNOMED,58320001,Traumatic dislocation of knee joint (disorder),,
SNOMED,58756001,Huntington's chorea (disorder),,
SNOMED,58976002,Pseudohypoparathyroidism (disorder),,
SNOMED,59214008,Reduction mammoplasty (procedure),,
SNOMED,59819007,Herpetic ulceration of vulva (disorder),,
SNOMED,60897004,Contusion of nose (disorder),,
SNOMED,62695002,Acute anteroseptal myocardial infarction (disorder),,
SNOMED,6284004,Abscess of neck (disorder),,
SNOMED,63722008,Chronic vomiting (disorder),,
SNOMED,64978007,Radionuclide therapy for hyperthyroidism (procedure),,
SNOMED,68241007,Glaucoma due to and following traumatic injury of globe of eye (disorder),,
SNOMED,6858004,Capsulitis (disorder),,
SNOMED,68670009,Contact dermatitis of eyelid (disorder),,
SNOMED,69380006,Venous catheterization for renal dialysis (procedure),,
SNOMED,69771008,Congenital anomaly of esophagus (disorder),,
SNOMED,713651007,Past pregnancy history of pregnancy with abortive outcome (situation),,
SNOMED,71781005,Decrease in height (finding),,
SNOMED,71792006,Nodal rhythm disorder (disorder),,
SNOMED,71820002,Urgent desire for stool (finding),,
SNOMED,726429001,Radical mastectomy of left breast (procedure),,
SNOMED,726430006,Radical mastectomy of right breast (procedure),,
SNOMED,72791001,Laryngectomy (procedure),,
SNOMED,7297005,Generalized seborrheic dermatitis of infants (disorder),,
SNOMED,73660006,Congenital subaortic stenosis (disorder),,
SNOMED,73725006,Thickening of pleura (disorder),,
SNOMED,7426009,Central corneal ulcer (disorder),,
SNOMED,74345006,Congenital disorder due to abnormality of chromosome number OR structure (disorder),,
SNOMED,74615001,Tachycardia-bradycardia (disorder),,
SNOMED,7484005,Double outlet right ventricle (disorder),,
SNOMED,74877002,Congenital anomaly of spine (disorder),,
SNOMED,75408008,Feeling angry (finding),,
SNOMED,762907005,Agenesis of left kidney (disorder),,
SNOMED,762908000,Agenesis of right kidney (disorder),,
SNOMED,76349003,Extrapyramidal disease (disorder),,
SNOMED,77080005,Neurotrophic keratoconjunctivitis (disorder),,
SNOMED,77157004,Disorder of optic nerve (disorder),,
SNOMED,77480004,Congenital biliary atresia (disorder),,
SNOMED,78152008,Multiple cranial nerve palsy (disorder),,
SNOMED,78269000,"Bipolar I disorder, single manic episode, in partial remission (disorder)",,
SNOMED,78609007,Chronic peritoneal effusion (disorder),,
SNOMED,7890003,Contracture of joint (disorder),,
SNOMED,7951001,Tailor's bunion (disorder),,
SNOMED,79671001,Inferior vena cava syndrome (disorder),,
SNOMED,79917009,Implantation of pulmonary valve prosthesis or synthetic device (procedure),,
SNOMED,80321008,Mesangiocapillary glomerulonephritis (disorder),,
SNOMED,80426004,Prolapsed internal hemorrhoids (disorder),,
SNOMED,80495009,Sleep walking disorder (disorder),,
SNOMED,80635001,Cardiovascular stress test using treadmill (procedure),,
SNOMED,81870009,Parotidectomy (procedure),,
SNOMED,8217007,Arachnoiditis (disorder),,
SNOMED,85225000,Cyst of nasal sinus (disorder),,
SNOMED,86854008,Hyperreflexia (finding),,
SNOMED,87628006,Bacterial infectious disease (disorder),,
SNOMED,88425004,Congenital anomaly of nervous system (disorder),,
SNOMED,89675003,Sleep terror disorder (disorder),,
SNOMED,90520006,Vertebral artery stenosis (disorder),,
SNOMED,91038008,Acute frontal sinusitis (disorder),,
SNOMED,92264007,Benign neoplasm of pancreas (disorder),,
SNOMED,93160004,Lipoma of skin and subcutaneous tissue of neck (disorder),,
SNOMED,93220006,Malignant melanoma of skin of ear (disorder),,
SNOMED,93222003,Malignant melanoma of skin of external auditory canal (disorder),,
SNOMED,93725000,Primary malignant neoplasm of bone (disorder),,
SNOMED,94038007,Primary malignant neoplasm of skin of scalp (disorder),,
SNOMED,94057003,Primary malignant neoplasm of soft tissues of lower limb (disorder),,
SNOMED,94254004,Metastatic malignant neoplasm to choroid (disorder),,
SNOMED,94281004,Metastatic malignant neoplasm to endometrium (disorder),,
SNOMED,94962000,Neoplasm of uncertain behavior of neck (disorder),,
SNOMED,95221007,Disorder of retina caused by radiation (disorder),,
SNOMED,95239003,Rhinitis medicamentosa (disorder),,
SNOMED,95434006,Tracheomalacia (disorder),,
SNOMED,95446005,Thrombosis of mesenteric vein (disorder),,
SNOMED,95451004,Thrombophlebitis of superficial veins of upper extremities (disorder),,
SNOMED,95499004,Hypoplasia of the optic nerve (disorder),,
SNOMED,95711003,Nevus of iris (disorder),,
SNOMED,95880003,Soft tissue infection (disorder),,
SNOMED,9794007,Endolymphatic hydrops (disorder),,
